ID,Label
0,"cation: azp-2o1,1 + anion: ntf2"
1,"cation: azp-2o1,1 + anion: otf"
2,"cation: azp-2o1,1 + anion: tfa"
3,"cation: azp-2o1,2o1 + anion: ntf2"
4,"cation: azp-4,1 + anion: ntf2"
5,"cation: azp-6,1 + anion: ntf2"
6,"cation: azp-[2o]21,1 + anion: ntf2"
7,"cation: azp-[2o]21,1 + anion: otf"
8,"cation: azp-[2o]21,1 + anion: tfa"
9,"cation: azp-[2o]21,[2o]21 + anion: ntf2"
10,"cation: bim-4,2 + anion: h2po4"
11,"cation: bthz-s2[2] + anion: po2-o2,o2"
12,"cation: cap-1,o2 + anion: ntf2"
13,"cation: cap-1,o2 + anion: otf"
14,"cation: cguad-(2,1),1,1 + anion: ntf2"
15,"cation: cguad-(2,2),1,1 + anion: ntf2"
16,"cation: cguad-(3,1),1,1 + anion: ntf2"
17,"cation: cprop-(n-10,10),(n-10,10),(n-10,10) + anion: dca"
18,"cation: cprop-(n-10,10),(n-10,10),(n-10,10) + anion: ntf2"
19,"cation: cprop-(n-2,1),(n-1,1),(n-1,1) + anion: ntf2"
20,"cation: cprop-(n-2,1),(n-2,1),(n-2,1) + anion: ntf2"
21,"cation: cprop-(n-2,2),(n-1,1),(n-1,1) + anion: ntf2"
22,"cation: cprop-(n-2,2),(n-2,2),(n-1,1) + anion: dca"
23,"cation: cprop-(n-2,2),(n-2,2),(n-1,1) + anion: ntf2"
24,"cation: cprop-(n-2,2),(n-2,2),(n-2,2) + anion: dca"
25,"cation: cprop-(n-2,2),(n-2,2),(n-2,2) + anion: ntf2"
26,"cation: cprop-(n-3,1),(n-1,1),(n-1,1) + anion: dca"
27,"cation: cprop-(n-3,1),(n-1,1),(n-1,1) + anion: ntf2"
28,"cation: cprop-(n-3,3),(n-1,1),(n-1,1) + anion: ntf2"
29,"cation: cprop-(n-3,3),(n-3,3),(n-3,3) + anion: dca"
30,"cation: cprop-(n-3,3),(n-3,3),(n-3,3) + anion: ntf2"
31,"cation: cprop-(n-4,1),(n-1,1),(n-1,1) + anion: dca"
32,"cation: cprop-(n-4,1),(n-1,1),(n-1,1) + anion: ntf2"
33,"cation: cprop-(n-4,1),(n-2,2),(n-2,2) + anion: dca"
34,"cation: cprop-(n-4,1),(n-2,2),(n-2,2) + anion: ntf2"
35,"cation: cprop-(n-4,1),(n-4,1),(n-4,1) + anion: dca"
36,"cation: cprop-(n-4,1),(n-4,1),(n-4,1) + anion: ntf2"
37,"cation: cprop-(n-4,4),(n-1,1),(n-1,1) + anion: ntf2"
38,"cation: cprop-(n-4,4),(n-2,2),(n-2,2) + anion: dca"
39,"cation: cprop-(n-4,4),(n-2,2),(n-2,2) + anion: ntf2"
40,"cation: cprop-(n-4,4),(n-4,4),(n-4,4) + anion: dca"
41,"cation: cprop-(n-4,4),(n-4,4),(n-4,4) + anion: ntf2"
42,"cation: cprop-(n-5,5),(n-5,5),(n-5,5) + anion: dca"
43,"cation: cprop-(n-5,5),(n-5,5),(n-5,5) + anion: ntf2"
44,"cation: cprop-(n-6,1),(n-1,1),(n-1,1) + anion: ntf2"
45,"cation: cprop-(n-6,1),(n-2,2),(n-2,2) + anion: dca"
46,"cation: cprop-(n-6,1),(n-2,2),(n-2,2) + anion: ntf2"
47,"cation: cprop-(n-6,6),(n-1,1),(n-1,1) + anion: ntf2"
48,"cation: cprop-(n-6,6),(n-2,2),(n-2,2) + anion: dca"
49,"cation: cprop-(n-6,6),(n-2,2),(n-2,2) + anion: ntf2"
50,"cation: cprop-(n-6,6),(n-6,6),(n-6,6) + anion: dca"
51,"cation: cprop-(n-6,6),(n-6,6),(n-6,6) + anion: ntf2"
52,cation: dabco-6 + anion: ntf2
53,cation: dbu-10 + anion: dca
54,cation: dbu-10 + anion: scn
55,cation: dbu-14 + anion: dca
56,cation: dbu-2 + anion: dca
57,cation: dbu-4 + anion: dca
58,cation: dbu-4 + anion: imidazolide
59,cation: dbu-6 + anion: dca
60,cation: dbu-6 + anion: scn
61,cation: dbu-8 + anion: dca
62,cation: dbu-8 + anion: scn
63,cation: dbu + anion: ac
64,cation: dbu + anion: imidazolide
65,cation: dbu + anion: otf
66,cation: dbu + anion: so3-1
67,cation: dbu + anion: tfa
68,cation: epslac + anion: 4ac
69,cation: epslac + anion: ac
70,cation: epslac + anion: bf4
71,cation: epslac + anion: for
72,cation: epslac + anion: tfa
73,"cation: guad-(1,1),(1,1),(1,1) + anion: la"
74,"cation: guad-(1,1),(1,1),2 + anion: ntf2"
75,"cation: guad-(1,1),(1,1),2 + anion: so4-2"
76,"cation: guad-(1,1),(1,1) + anion: imidazolide"
77,"cation: guad-(1,1),(1,1) + anion: phen"
78,"cation: guad-(1,1),(1,1) + anion: tfe"
79,"cation: guad-(2,1),(1,1),(1,1) + anion: ntf2"
80,"cation: guad-(2,2),(1,1),(1,1) + anion: ntf2"
81,"cation: guad-(2,2),(1,1),(1,1) + anion: so4-2"
82,"cation: guad-(2o1,2o1),(1,1),(1,1) + anion: ntf2"
83,"cation: guad-(2o2,2o1),(1,1),(1,1) + anion: ntf2"
84,"cation: guad-(3,1),(1,1),(1,1) + anion: ntf2"
85,"cation: guad-(3,2),(1,1),(1,1) + anion: ntf2"
86,"cation: guad-(3,3),(1,1),(1,1) + anion: ntf2"
87,"cation: guad-(4,1),(1,1),(1,1) + anion: ntf2"
88,"cation: guad-(4,2),(1,1),(1,1) + anion: ntf2"
89,"cation: guad-(4,3),(1,1),(1,1) + anion: ntf2"
90,"cation: guad-(4,4),(1,1),(1,1) + anion: ntf2"
91,"cation: guad-(6,6),(1,1),(1,1) + anion: ccn3"
92,"cation: guad-(6,6),(6,6),(1,1) + anion: dca"
93,"cation: guad-(6,6),(6,6),(1,1) + anion: ntf2"
94,"cation: guad-(6,6),(6,6),(1,1) + anion: otf"
95,"cation: guad-(6,6),(6,6),(1,1) + anion: sac"
96,"cation: guad-(6,6),(6,6),(1,1) + anion: so3-ph1"
97,"cation: guad-(6,6),(6,6),(1,1) + anion: tfa"
98,"cation: im-1(1[f]),1 + anion: ntf2"
99,"cation: im-1(chbr,ch2br),(chbr,ch2br) + anion: ntf2"
100,"cation: im-1(chbr,ch2br),1(chbr,ch2br) + anion: ntf2"
101,"cation: im-1(chbr,ch2br),1,br[4],br[5] + anion: ntf2"
102,"cation: im-1(chbr,ch2br),1 + anion: ntf2"
103,"cation: im-1,1,1o2 + anion: ntf2"
104,"cation: im-1,1,1o3 + anion: ntf2"
105,"cation: im-1,1[2] + anion: ntf2"
106,"cation: im-1,1 + anion: bf3-1[f]"
107,"cation: im-1,1 + anion: bf3-2[f]"
108,"cation: im-1,1 + anion: bf3-3[f]"
109,"cation: im-1,1 + anion: dca"
110,"cation: im-1,1 + anion: ntf2"
111,"cation: im-1,1 + anion: po2-o1,o1"
112,"cation: im-1,1 + anion: so4-1"
113,"cation: im-1,s2[2] + anion: ntf2"
114,"cation: im-1,s2[2] + anion: otf"
115,"cation: im-1,s2[2] + anion: pf6"
116,"cation: im-1,s4[2] + anion: ntf2"
117,"cation: im-1,s4[2] + anion: otf"
118,"cation: im-1,s4[2] + anion: po2-o4,o4"
119,"cation: im-10,1,1 + anion: ntf2"
120,"cation: im-10,10 + anion: ac"
121,"cation: im-10,10 + anion: no3"
122,"cation: im-10,10 + anion: ntf2"
123,"cation: im-10,10 + anion: po2-o8i,o8i"
124,"cation: im-10,1 + anion: al(ohfip)4"
125,"cation: im-10,1 + anion: bf4"
126,"cation: im-10,1 + anion: cl"
127,"cation: im-10,1 + anion: dca"
128,"cation: im-10,1 + anion: fpi"
129,"cation: im-10,1 + anion: npf2"
130,"cation: im-10,1 + anion: ntf2"
131,"cation: im-10,1 + anion: otf"
132,"cation: im-10,1 + anion: phen"
133,"cation: im-10,1 + anion: sac"
134,"cation: im-10,1 + anion: scn"
135,"cation: im-10,1 + anion: so3-4[f]"
136,"cation: im-10,1 + anion: tcb"
137,"cation: im-11,1 + anion: ntf2"
138,"cation: im-12,12 + anion: ntf2"
139,"cation: im-12,1 + anion: ntf2"
140,"cation: im-12,1 + anion: so3-4[f]"
141,"cation: im-14,1 + anion: ntf2"
142,"cation: im-16,1 + anion: ntf2"
143,"cation: im-18,1 + anion: fpi"
144,cation: im-1 + anion: ac
145,cation: im-1 + anion: hso4
146,cation: im-1 + anion: npf2
147,cation: im-1 + anion: ntf2
148,"cation: im-1cch,1 + anion: bf3-3icn"
149,"cation: im-1cch,1 + anion: ntf2"
150,"cation: im-1cch,1cch + anion: bf3-3icn"
151,"cation: im-1ch,1 + anion: ntf2"
152,"cation: im-1cn,1 + anion: ntf2"
153,"cation: im-1conh4,2 + anion: ntf2"
154,"cation: im-1coo2,1 + anion: ntf2"
155,"cation: im-1coo2,1 + anion: scn"
156,"cation: im-1cooh,1 + anion: bf4"
157,"cation: im-1cooh,1 + anion: pf6"
158,"cation: im-1cp,1 + anion: ntf2"
159,"cation: im-1dmsodmsph,1 + anion: ntf2"
160,"cation: im-1dmsodphs1,1 + anion: ntf2"
161,"cation: im-1dmsotms,1 + anion: ntf2"
162,"cation: im-1dmsph,1 + anion: ntf2"
163,"cation: im-1o1,1,1 + anion: ntf2"
164,"cation: im-1o1,1,2 + anion: ntf2"
165,"cation: im-1o1,1 + anion: bf3-1[f]"
166,"cation: im-1o1,1 + anion: bf3-2[f]"
167,"cation: im-1o1,1 + anion: ntf2"
168,"cation: im-1o1,2,2 + anion: ntf2"
169,"cation: im-1o1,2 + anion: ntf2"
170,"cation: im-1o1,3,1 + anion: ntf2"
171,"cation: im-1o1,3,2 + anion: ntf2"
172,"cation: im-1o1,3 + anion: ntf2"
173,"cation: im-1o1,4,1 + anion: ntf2"
174,"cation: im-1o1,4,2 + anion: ntf2"
175,"cation: im-1o1,4 + anion: ntf2"
176,"cation: im-1o2,1 + anion: ntf2"
177,"cation: im-1o2,2 + anion: ntf2"
178,"cation: im-1o2,3 + anion: ntf2"
179,"cation: im-1o2,4 + anion: ntf2"
180,"cation: im-1o3,1o3 + anion: bf4"
181,"cation: im-1o3,1o3 + anion: ntf2"
182,"cation: im-1o4,1o4 + anion: bf4"
183,"cation: im-1o4,1o4 + anion: ntf2"
184,"cation: im-1o5,1o5 + anion: bf4"
185,"cation: im-1o5,1o5 + anion: ntf2"
186,"cation: im-1o6,1o6 + anion: ntf2"
187,"cation: im-1o7,1o7 + anion: ntf2"
188,"cation: im-1o8,1o8 + anion: ntf2"
189,"cation: im-1ph,1[2] + anion: npf2"
190,"cation: im-1ph,1[2] + anion: ntf2"
191,"cation: im-1ph,1 + anion: alcl4"
192,"cation: im-1ph,1 + anion: cl"
193,"cation: im-1ph,1 + anion: dca"
194,"cation: im-1ph,1 + anion: ntf2"
195,"cation: im-1ph,1 + anion: sac"
196,"cation: im-1ph,1 + anion: so4-1"
197,"cation: im-1ph,1ph + anion: dca"
198,"cation: im-1ph,1ph + anion: scn"
199,"cation: im-1tms,1,1 + anion: ntf2"
200,"cation: im-1tms,1,1o4 + anion: ntf2"
201,"cation: im-1tms,1 + anion: ntf2"
202,"cation: im-2(2[f]),1 + anion: ntf2"
203,"cation: im-2(4[f]),1 + anion: ntf2"
204,"cation: im-2(6[f]),1 + anion: ntf2"
205,"cation: im-2(cfbr,cf2br),1(chbr,ch2br) + anion: ntf2"
206,"cation: im-2(cfbr,cf2br),1 + anion: ntf2"
207,"cation: im-2,1,1[5] + anion: ntf2"
208,"cation: im-2,1,1[5] + anion: otf"
209,"cation: im-2,1,1 + anion: al(ohfip)4"
210,"cation: im-2,1,1 + anion: h2po4"
211,"cation: im-2,1,1 + anion: hso4"
212,"cation: im-2,1,1 + anion: ntf2"
213,"cation: im-2,1,1 + anion: ph-coo[1],oh[2]"
214,"cation: im-2,1,1o2 + anion: ntf2"
215,"cation: im-2,1,1o3 + anion: ntf2"
216,"cation: im-2,1,s1 + anion: ntf2"
217,"cation: im-2,1,s3 + anion: ntf2"
218,"cation: im-2,1,s3i + anion: ntf2"
219,"cation: im-2,1,s8 + anion: ntf2"
220,"cation: im-2,1D + anion: fap"
221,"cation: im-2,1D + anion: so4-1D"
222,"cation: im-2,1D + anion: tcb"
223,"cation: im-2,1[2] + anion: bf4"
224,"cation: im-2,1[2] + anion: npf2"
225,"cation: im-2,1[2] + anion: ntf2"
226,"cation: im-2,1 + anion: ac"
227,"cation: im-2,1 + anion: al(ohfip)4"
228,"cation: im-2,1 + anion: al2cl7"
229,"cation: im-2,1 + anion: ala"
230,"cation: im-2,1 + anion: alcl4"
231,"cation: im-2,1 + anion: bcn3-1[f]"
232,"cation: im-2,1 + anion: bcn3-2[f]"
233,"cation: im-2,1 + anion: bf2cn-1[f]"
234,"cation: im-2,1 + anion: bf2cn-2[f]"
235,"cation: im-2,1 + anion: bf2cn-3[f]"
236,"cation: im-2,1 + anion: bf2cn-4[f]"
237,"cation: im-2,1 + anion: bf2cn2"
238,"cation: im-2,1 + anion: bf2ox"
239,"cation: im-2,1 + anion: bf3-1"
240,"cation: im-2,1 + anion: bf3-1[f]"
241,"cation: im-2,1 + anion: bf3-2"
242,"cation: im-2,1 + anion: bf3-2[f]"
243,"cation: im-2,1 + anion: bf3-2[f]o1[f]"
244,"cation: im-2,1 + anion: bf3-3"
245,"cation: im-2,1 + anion: bf3-3[f]"
246,"cation: im-2,1 + anion: bf3-4"
247,"cation: im-2,1 + anion: bf3-4[f]"
248,"cation: im-2,1 + anion: bf3-5"
249,"cation: im-2,1 + anion: bf3-v"
250,"cation: im-2,1 + anion: bf3cn"
251,"cation: im-2,1 + anion: bf4"
252,"cation: im-2,1 + anion: bfcn2-1[f]"
253,"cation: im-2,1 + anion: bfcn2-2[f]"
254,"cation: im-2,1 + anion: bfcn3"
255,"cation: im-2,1 + anion: c1c2"
256,"cation: im-2,1 + anion: ccn3"
257,"cation: im-2,1 + anion: cl"
258,"cation: im-2,1 + anion: conco4"
259,"cation: im-2,1 + anion: coscn4"
260,"cation: im-2,1 + anion: dca"
261,"cation: im-2,1 + anion: fap"
262,"cation: im-2,1 + anion: fecl4"
263,"cation: im-2,1 + anion: fpi"
264,"cation: im-2,1 + anion: fsa"
265,"cation: im-2,1 + anion: fso3"
266,"cation: im-2,1 + anion: gacl4"
267,"cation: im-2,1 + anion: gly"
268,"cation: im-2,1 + anion: hso4"
269,"cation: im-2,1 + anion: im41"
270,"cation: im-2,1 + anion: imidazolide"
271,"cation: im-2,1 + anion: moof5"
272,"cation: im-2,1 + anion: nbf6"
273,"cation: im-2,1 + anion: nms2"
274,"cation: im-2,1 + anion: npf2"
275,"cation: im-2,1 + anion: npfso2f"
276,"cation: im-2,1 + anion: ntf2"
277,"cation: im-2,1 + anion: otf"
278,"cation: im-2,1 + anion: pf6"
279,"cation: im-2,1 + anion: ph-coo[1],oh[2]"
280,"cation: im-2,1 + anion: phen"
281,"cation: im-2,1 + anion: po2-1,o1"
282,"cation: im-2,1 + anion: po2-o1,o1"
283,"cation: im-2,1 + anion: po2-o2,o2"
284,"cation: im-2,1 + anion: pro"
285,"cation: im-2,1 + anion: sbf6"
286,"cation: im-2,1 + anion: scn"
287,"cation: im-2,1 + anion: ser"
288,"cation: im-2,1 + anion: so3-1"
289,"cation: im-2,1 + anion: so3-2[f]"
290,"cation: im-2,1 + anion: so3-4[f]"
291,"cation: im-2,1 + anion: so4-1,3[f],chf2"
292,"cation: im-2,1 + anion: so4-1"
293,"cation: im-2,1 + anion: so4-2"
294,"cation: im-2,1 + anion: so4-4"
295,"cation: im-2,1 + anion: so4-6"
296,"cation: im-2,1 + anion: so4-8"
297,"cation: im-2,1 + anion: taf6"
298,"cation: im-2,1 + anion: tau"
299,"cation: im-2,1 + anion: tca-1"
300,"cation: im-2,1 + anion: tca-1cn"
301,"cation: im-2,1 + anion: tca-o1"
302,"cation: im-2,1 + anion: tca"
303,"cation: im-2,1 + anion: tcb"
304,"cation: im-2,1 + anion: tetrazolide"
305,"cation: im-2,1 + anion: tfa-2[f]"
306,"cation: im-2,1 + anion: tfa-3[f]"
307,"cation: im-2,1 + anion: tfa"
308,"cation: im-2,1 + anion: tfes"
309,"cation: im-2,1 + anion: tfesi"
310,"cation: im-2,1 + anion: triazolide"
311,"cation: im-2,1 + anion: tsac"
312,"cation: im-2,1 + anion: wf7"
313,"cation: im-2,1 + anion: wof5"
314,"cation: im-2,1o2,1 + anion: ntf2"
315,"cation: im-2,2,1[5] + anion: ntf2"
316,"cation: im-2,2,1 + anion: ntf2"
317,"cation: im-2,2,1o2 + anion: ntf2"
318,"cation: im-2,2,1o3 + anion: ntf2"
319,"cation: im-2,2 + anion: ntf2"
320,"cation: im-2,2 + anion: otf"
321,"cation: im-2,2 + anion: po2-o2,o2"
322,"cation: im-2,2 + anion: so3-ph1"
323,"cation: im-2,2 + anion: tfa"
324,"cation: im-2D,1D + anion: fap"
325,"cation: im-2D,1D + anion: so4-1D"
326,"cation: im-2D,1 + anion: fap"
327,cation: im-2 + anion: ac
328,cation: im-2 + anion: bf4
329,cation: im-2 + anion: clo4
330,cation: im-2 + anion: npf2
331,cation: im-2 + anion: ntf2
332,cation: im-2 + anion: otf
333,cation: im-2 + anion: pf6
334,cation: im-2 + anion: so3-1
335,"cation: im-2ch,1 + anion: ntf2"
336,"cation: im-2cl,1 + anion: dca"
337,"cation: im-2cn,10 + anion: behss"
338,"cation: im-2cn,10 + anion: br"
339,"cation: im-2cn,10 + anion: sba"
340,"cation: im-2cn,10 + anion: so4-12"
341,"cation: im-2cn,1 + anion: bf4"
342,"cation: im-2cn,1ph + anion: cl"
343,"cation: im-2cn,2o2 + anion: dca"
344,"cation: im-2cn,2o2 + anion: ntf2"
345,"cation: im-2cn,2o2 + anion: tfa"
346,"cation: im-2cn,2oh + anion: cl"
347,"cation: im-2cn,4 + anion: behss"
348,"cation: im-2cn,4 + anion: br"
349,"cation: im-2cn,4 + anion: bs"
350,"cation: im-2cn,4 + anion: cl"
351,"cation: im-2cn,4 + anion: otf"
352,"cation: im-2cn,4 + anion: so4-12"
353,"cation: im-2cn,6 + anion: behss"
354,"cation: im-2cn,6 + anion: br"
355,"cation: im-2cn,6 + anion: bs"
356,"cation: im-2cn,6 + anion: cl"
357,"cation: im-2cn,6 + anion: otf"
358,"cation: im-2cn,6 + anion: sba"
359,"cation: im-2cn,6 + anion: so4-12"
360,"cation: im-2cn,8 + anion: br"
361,"cation: im-2cn,8 + anion: cl"
362,"cation: im-2cn,a + anion: cl"
363,cation: im-2cn + anion: 1ac
364,cation: im-2cn + anion: 2ac
365,cation: im-2cn + anion: 4ac
366,cation: im-2cn + anion: ac
367,cation: im-2cn + anion: for
368,cation: im-2cn + anion: hso4
369,cation: im-2cn + anion: so3-ph1
370,"cation: im-2cp,1 + anion: ntf2"
371,"cation: im-2dp,4 + anion: bf4"
372,"cation: im-2dp,4 + anion: pf6"
373,"cation: im-2dp,6 + anion: bf4"
374,"cation: im-2dp,6 + anion: pf6"
375,"cation: im-2dp,8 + anion: bf4"
376,"cation: im-2dp,8 + anion: pf6"
377,"cation: im-2nh2,1 + anion: bf4"
378,"cation: im-2nh2,1 + anion: dca"
379,"cation: im-2nh2,1 + anion: ntf2"
380,"cation: im-2nh2,1 + anion: otf"
381,"cation: im-2nh2,1 + anion: pf6"
382,"cation: im-2o1,1,1 + anion: ntf2"
383,"cation: im-2o1,1,1o2 + anion: ntf2"
384,"cation: im-2o1,1,1o3 + anion: ntf2"
385,"cation: im-2o1,1,2 + anion: ntf2"
386,"cation: im-2o1,1 + anion: bf3-1[f]"
387,"cation: im-2o1,1 + anion: bf3-2[f]"
388,"cation: im-2o1,1 + anion: bf4"
389,"cation: im-2o1,1 + anion: ntf2"
390,"cation: im-2o1,1 + anion: otf"
391,"cation: im-2o1,1 + anion: pf6"
392,"cation: im-2o1,1 + anion: po2-o1,o1"
393,"cation: im-2o1,1 + anion: so3-1"
394,"cation: im-2o1,1o1,1 + anion: ntf2"
395,"cation: im-2o1,1o1,2 + anion: ntf2"
396,"cation: im-2o1,1o1 + anion: ntf2"
397,"cation: im-2o1,1o2 + anion: ntf2"
398,"cation: im-2o1,2,1 + anion: ntf2"
399,"cation: im-2o1,2,1o2 + anion: ntf2"
400,"cation: im-2o1,2,1o3 + anion: ntf2"
401,"cation: im-2o1,2,2 + anion: ntf2"
402,"cation: im-2o1,2 + anion: ntf2"
403,"cation: im-2o1,2o1,2 + anion: ntf2"
404,"cation: im-2o1,2o1 + anion: ntf2"
405,"cation: im-2o1,3,1 + anion: ntf2"
406,"cation: im-2o1,3,2 + anion: ntf2"
407,"cation: im-2o1,3 + anion: ntf2"
408,"cation: im-2o1,4,1 + anion: ntf2"
409,"cation: im-2o1,4,2 + anion: ntf2"
410,"cation: im-2o1,4 + anion: ntf2"
411,"cation: im-2o1,5,1 + anion: ntf2"
412,"cation: im-2o1,5,2 + anion: ntf2"
413,"cation: im-2o2,1,1 + anion: ntf2"
414,"cation: im-2o2,1,1o2 + anion: ntf2"
415,"cation: im-2o2,1,1o3 + anion: ntf2"
416,"cation: im-2o2,1,2 + anion: ntf2"
417,"cation: im-2o2,1 + anion: cl"
418,"cation: im-2o2,1 + anion: ntf2"
419,"cation: im-2o2,1o1,1 + anion: ntf2"
420,"cation: im-2o2,1o1,2 + anion: ntf2"
421,"cation: im-2o2,1o1 + anion: ntf2"
422,"cation: im-2o2,1o2 + anion: ntf2"
423,"cation: im-2o2,2,1 + anion: ntf2"
424,"cation: im-2o2,2,1o2 + anion: ntf2"
425,"cation: im-2o2,2,1o3 + anion: ntf2"
426,"cation: im-2o2,2,2 + anion: ntf2"
427,"cation: im-2o2,2 + anion: ntf2"
428,"cation: im-2o2,2o1,1 + anion: ntf2"
429,"cation: im-2o2,2o1,2 + anion: ntf2"
430,"cation: im-2o2,2o1 + anion: ntf2"
431,"cation: im-2o2,2o2,1 + anion: ntf2"
432,"cation: im-2o2,2o2,2 + anion: ntf2"
433,"cation: im-2o2,2o2 + anion: ntf2"
434,"cation: im-2o2,3,1 + anion: ntf2"
435,"cation: im-2o2,3,2 + anion: ntf2"
436,"cation: im-2o2,3 + anion: ntf2"
437,"cation: im-2o2,4,1 + anion: ntf2"
438,"cation: im-2o2,4,2 + anion: ntf2"
439,"cation: im-2o2,4 + anion: ntf2"
440,"cation: im-2o2,5,1 + anion: ntf2"
441,"cation: im-2o2,5,2 + anion: ntf2"
442,"cation: im-2o2oh,1 + anion: cl"
443,"cation: im-2oh,1 + anion: bf4"
444,"cation: im-2oh,1 + anion: dca"
445,"cation: im-2oh,1 + anion: fap"
446,"cation: im-2oh,1 + anion: imidazolide"
447,"cation: im-2oh,1 + anion: ntf2"
448,"cation: im-2oh,1 + anion: pf6"
449,"cation: im-2ono2,1 + anion: dca"
450,"cation: im-2ph,1 + anion: alcl4"
451,"cation: im-2ph,1 + anion: ntf2"
452,"cation: im-2v,1,1 + anion: pyrazolide-no2[4]"
453,"cation: im-3,1,1 + anion: bf4"
454,"cation: im-3,1,1 + anion: ctf3"
455,"cation: im-3,1,1 + anion: hso4"
456,"cation: im-3,1,1 + anion: ntf2"
457,"cation: im-3,1,1 + anion: pyrazolide-no2[4]"
458,"cation: im-3,1,1o2 + anion: ntf2"
459,"cation: im-3,1,1o3 + anion: ntf2"
460,"cation: im-3,1,1o4 + anion: ntf2"
461,"cation: im-3,1,cn + anion: ntf2"
462,"cation: im-3,1 + anion: alcl4"
463,"cation: im-3,1 + anion: bf3-1[f]"
464,"cation: im-3,1 + anion: bf3-2[f]"
465,"cation: im-3,1 + anion: bf3-3[f]"
466,"cation: im-3,1 + anion: bf3-4[f]"
467,"cation: im-3,1 + anion: bf4"
468,"cation: im-3,1 + anion: h2po4"
469,"cation: im-3,1 + anion: hco3"
470,"cation: im-3,1 + anion: i"
471,"cation: im-3,1 + anion: no3"
472,"cation: im-3,1 + anion: npf2"
473,"cation: im-3,1 + anion: ntf2"
474,"cation: im-3,1 + anion: pf6"
475,"cation: im-3,1 + anion: scn"
476,"cation: im-3,2,1o2 + anion: ntf2"
477,"cation: im-3,2,1o3 + anion: ntf2"
478,"cation: im-3,2 + anion: ntf2"
479,"cation: im-3,3 + anion: ntf2"
480,"cation: im-3ch,1 + anion: ntf2"
481,"cation: im-3cn,1,1 + anion: dca"
482,"cation: im-3cn,1,1 + anion: ntf2"
483,"cation: im-3cn,1 + anion: bf3-3icn"
484,"cation: im-3cn,1 + anion: bf4"
485,"cation: im-3cn,1 + anion: dca"
486,"cation: im-3cn,1 + anion: ntf2"
487,"cation: im-3cn,3cn + anion: bf3-3icn"
488,"cation: im-3cooh,1 + anion: bf3-3icn"
489,"cation: im-3dp,4 + anion: bf4"
490,"cation: im-3dp,4 + anion: pf6"
491,"cation: im-3dp,6 + anion: bf4"
492,"cation: im-3dp,6 + anion: pf6"
493,"cation: im-3dp,8 + anion: bf4"
494,"cation: im-3dp,8 + anion: pf6"
495,"cation: im-3i,1 + anion: ntf2"
496,"cation: im-3nh1phen,4 + anion: ntf2"
497,"cation: im-3nh1phen,4 + anion: pf6"
498,"cation: im-3nh2,1 + anion: imidazolide"
499,"cation: im-3o1,1 + anion: bf4"
500,"cation: im-3o1,1 + anion: pf6"
501,"cation: im-3o1,2o1,1 + anion: ntf2"
502,"cation: im-3o1,2o1,2 + anion: ntf2"
503,"cation: im-3o1,2o2,1 + anion: ntf2"
504,"cation: im-3o1,2o2,2 + anion: ntf2"
505,"cation: im-3oh,1 + anion: cl"
506,"cation: im-3oh,2 + anion: cl"
507,"cation: im-3oh[2],1 + anion: cl"
508,"cation: im-3oh[2],1 + anion: no3"
509,"cation: im-3oh[2],1 + anion: ntf2"
510,"cation: im-3oh[2],1 + anion: pf6"
511,"cation: im-3ph,1 + anion: ntf2"
512,"cation: im-3so3h,1[2] + anion: camphorsulfonate"
513,"cation: im-3so3h,1 + anion: camphorsulfonate"
514,"cation: im-3so3h,2[2] + anion: camphorsulfonate"
515,"cation: im-3so3h,2 + anion: camphorsulfonate"
516,"cation: im-3so3h,4 + anion: camphorsulfonate"
517,"cation: im-3so3h,ph[2] + anion: camphorsulfonate"
518,cation: im-3so3h + anion: camphorsulfonate
519,"cation: im-4,1,1 + anion: al(ohfip)4"
520,"cation: im-4,1,1 + anion: bf4"
521,"cation: im-4,1,1 + anion: dca"
522,"cation: im-4,1,1 + anion: fap"
523,"cation: im-4,1,1 + anion: h2po4"
524,"cation: im-4,1,1 + anion: hso4"
525,"cation: im-4,1,1 + anion: ntf2"
526,"cation: im-4,1,1 + anion: scn"
527,"cation: im-4,1,1 + anion: so4-1,3[f],chf2"
528,"cation: im-4,1,1 + anion: so4-3,2[f]"
529,"cation: im-4,1,1 + anion: tcb"
530,"cation: im-4,1,1o2 + anion: ntf2"
531,"cation: im-4,1,1o3 + anion: ntf2"
532,"cation: im-4,1 + anion: 1ac"
533,"cation: im-4,1 + anion: 2ac"
534,"cation: im-4,1 + anion: ac"
535,"cation: im-4,1 + anion: al(ohfip)4"
536,"cation: im-4,1 + anion: ala"
537,"cation: im-4,1 + anion: alcl4"
538,"cation: im-4,1 + anion: behss"
539,"cation: im-4,1 + anion: bf2ox"
540,"cation: im-4,1 + anion: bf3-1[f]"
541,"cation: im-4,1 + anion: bf3-2[f]"
542,"cation: im-4,1 + anion: bf3-3icn"
543,"cation: im-4,1 + anion: bf3-ph-1[f][3]"
544,"cation: im-4,1 + anion: bf3-ph-1[f][4]"
545,"cation: im-4,1 + anion: bf3-ph-cn[3]"
546,"cation: im-4,1 + anion: bf3-ph-cn[4]"
547,"cation: im-4,1 + anion: bf3-ph-f[2]"
548,"cation: im-4,1 + anion: bf3-ph-f[3]"
549,"cation: im-4,1 + anion: bf3-ph-f[4]"
550,"cation: im-4,1 + anion: bf3-ph-o1[2]"
551,"cation: im-4,1 + anion: bf3-ph-o1[3]"
552,"cation: im-4,1 + anion: bf3-ph-o1[4]"
553,"cation: im-4,1 + anion: bf3-ph"
554,"cation: im-4,1 + anion: bf4"
555,"cation: im-4,1 + anion: br"
556,"cation: im-4,1 + anion: ccn3"
557,"cation: im-4,1 + anion: cl"
558,"cation: im-4,1 + anion: clo4"
559,"cation: im-4,1 + anion: coscn4"
560,"cation: im-4,1 + anion: ctf3"
561,"cation: im-4,1 + anion: dca"
562,"cation: im-4,1 + anion: fap"
563,"cation: im-4,1 + anion: 43500"
564,"cation: im-4,1 + anion: fecl4"
565,"cation: im-4,1 + anion: for"
566,"cation: im-4,1 + anion: fpi"
567,"cation: im-4,1 + anion: fsa"
568,"cation: im-4,1 + anion: glu"
569,"cation: im-4,1 + anion: gly"
570,"cation: im-4,1 + anion: glyc"
571,"cation: im-4,1 + anion: h2po4"
572,"cation: im-4,1 + anion: hco3"
573,"cation: im-4,1 + anion: hfps"
574,"cation: im-4,1 + anion: hso4"
575,"cation: im-4,1 + anion: i"
576,"cation: im-4,1 + anion: imidazolide"
577,"cation: im-4,1 + anion: la"
578,"cation: im-4,1 + anion: no3"
579,"cation: im-4,1 + anion: npf2"
580,"cation: im-4,1 + anion: ntf2"
581,"cation: im-4,1 + anion: otf"
582,"cation: im-4,1 + anion: pf6"
583,"cation: im-4,1 + anion: ph-coo"
584,"cation: im-4,1 + anion: phen"
585,"cation: im-4,1 + anion: po2-cf3,cf3"
586,"cation: im-4,1 + anion: po2-o1,o1"
587,"cation: im-4,1 + anion: po2-o4,o4"
588,"cation: im-4,1 + anion: po3h-1"
589,"cation: im-4,1 + anion: po4"
590,"cation: im-4,1 + anion: sbf6"
591,"cation: im-4,1 + anion: scn"
592,"cation: im-4,1 + anion: so3-1"
593,"cation: im-4,1 + anion: so3-4[f]"
594,"cation: im-4,1 + anion: so4-1,3[f],chf2"
595,"cation: im-4,1 + anion: so4-1"
596,"cation: im-4,1 + anion: so4-2"
597,"cation: im-4,1 + anion: so4-3,2[f]"
598,"cation: im-4,1 + anion: so4-4"
599,"cation: im-4,1 + anion: so4-5"
600,"cation: im-4,1 + anion: so4-8"
601,"cation: im-4,1 + anion: tcb"
602,"cation: im-4,1 + anion: tdi"
603,"cation: im-4,1 + anion: tehss"
604,"cation: im-4,1 + anion: tfa-2[f]"
605,"cation: im-4,1 + anion: tfa"
606,"cation: im-4,1 + anion: tpes"
607,"cation: im-4,1 + anion: ttes"
608,"cation: im-4,2,1o2 + anion: ntf2"
609,"cation: im-4,2,1o3 + anion: ntf2"
610,"cation: im-4,2 + anion: br"
611,"cation: im-4,2 + anion: ntf2"
612,"cation: im-4,2 + anion: otf"
613,"cation: im-4,2 + anion: po2-o2,o2"
614,"cation: im-4,2 + anion: po2-o4,o4"
615,"cation: im-4,2 + anion: so3-4[f]"
616,"cation: im-4,2 + anion: tfa"
617,"cation: im-4,4 + anion: ac"
618,"cation: im-4,4 + anion: alcl4"
619,"cation: im-4,4 + anion: ntf2"
620,"cation: im-4,4 + anion: po2-o4,o4"
621,"cation: im-4,4 + anion: so3-ph1"
622,cation: im-4 + anion: hso4
623,cation: im-4 + anion: no3
624,cation: im-4 + anion: otf
625,cation: im-4 + anion: scn
626,cation: im-4 + anion: so3-1
627,"cation: im-4cn,1 + anion: bf4"
628,"cation: im-4cn,1 + anion: cl"
629,"cation: im-4cn,1 + anion: pf6"
630,"cation: im-4i,1 + anion: i"
631,"cation: im-4i,1 + anion: ntf2"
632,"cation: im-4i,4i + anion: ntf2"
633,cation: im-4so31 + anion: so4-1
634,cation: im-4so32 + anion: so4-2
635,"cation: im-4so3h,1 + anion: camphorsulfonate"
636,"cation: im-4so3h,1 + anion: hso4"
637,"cation: im-4so3h,1 + anion: otf"
638,"cation: im-5,1,1 + anion: hso4"
639,"cation: im-5,1,1 + anion: ntf2"
640,"cation: im-5,1,1o2 + anion: ntf2"
641,"cation: im-5,1,1o3 + anion: ntf2"
642,"cation: im-5,1 + anion: bf4"
643,"cation: im-5,1 + anion: fap4"
644,"cation: im-5,1 + anion: h2po4"
645,"cation: im-5,1 + anion: hco3"
646,"cation: im-5,1 + anion: nicl4"
647,"cation: im-5,1 + anion: no3"
648,"cation: im-5,1 + anion: npf2"
649,"cation: im-5,1 + anion: ntf2"
650,"cation: im-5,1 + anion: pf6"
651,"cation: im-5,1 + anion: scn"
652,"cation: im-5,2,1o2 + anion: ntf2"
653,"cation: im-5,2,1o3 + anion: ntf2"
654,"cation: im-5,4 + anion: ntf2"
655,"cation: im-5,5 + anion: ntf2"
656,"cation: im-5i,1 + anion: i"
657,"cation: im-5i,1 + anion: ntf2"
658,"cation: im-5i,4 + anion: ntf2"
659,"cation: im-6,1,1 + anion: ntf2"
660,"cation: im-6,1,1 + anion: pyrazolide-no2[4]"
661,"cation: im-6,1,s1 + anion: ntf2"
662,"cation: im-6,1 + anion: ac"
663,"cation: im-6,1 + anion: al(ohfip)4"
664,"cation: im-6,1 + anion: al2br7"
665,"cation: im-6,1 + anion: albr4"
666,"cation: im-6,1 + anion: alcl4"
667,"cation: im-6,1 + anion: bf3-1[f]"
668,"cation: im-6,1 + anion: bf3-2[f]"
669,"cation: im-6,1 + anion: bf4"
670,"cation: im-6,1 + anion: br"
671,"cation: im-6,1 + anion: cl"
672,"cation: im-6,1 + anion: dca"
673,"cation: im-6,1 + anion: fap"
674,"cation: im-6,1 + anion: fap3"
675,"cation: im-6,1 + anion: 43500"
676,"cation: im-6,1 + anion: fecl4"
677,"cation: im-6,1 + anion: fpi"
678,"cation: im-6,1 + anion: i"
679,"cation: im-6,1 + anion: no3"
680,"cation: im-6,1 + anion: npf2"
681,"cation: im-6,1 + anion: ntf2"
682,"cation: im-6,1 + anion: otf"
683,"cation: im-6,1 + anion: pf6"
684,"cation: im-6,1 + anion: phen"
685,"cation: im-6,1 + anion: po2-o1,o1"
686,"cation: im-6,1 + anion: pyrazolide-no2[4]"
687,"cation: im-6,1 + anion: pyrrolide-cn[2]"
688,"cation: im-6,1 + anion: so3-4[f]"
689,"cation: im-6,1 + anion: so4-1"
690,"cation: im-6,1 + anion: so4-2"
691,"cation: im-6,1 + anion: tcb"
692,"cation: im-6,1 + anion: tetrazolide"
693,"cation: im-6,1 + anion: triazolide"
694,"cation: im-6,1 + anion: triazolide123"
695,"cation: im-6,2 + anion: po2-o2,o2"
696,"cation: im-6,4 + anion: po2-o4,o4"
697,"cation: im-6,6 + anion: ac"
698,"cation: im-6,6 + anion: no3"
699,"cation: im-6,6 + anion: ntf2"
700,"cation: im-6,6 + anion: po2-o8i,o8i"
701,"cation: im-6i,1 + anion: ntf2"
702,"cation: im-6oh,1 + anion: cl"
703,"cation: im-6oh,2 + anion: cl"
704,"cation: im-6oh,4 + anion: cl"
705,cation: im-6oh + anion: cl
706,"cation: im-7,1,1 + anion: ntf2"
707,"cation: im-7,1 + anion: nicl4"
708,"cation: im-7,1 + anion: ntf2"
709,"cation: im-7,1 + anion: pf6"
710,"cation: im-7,7 + anion: ntf2"
711,"cation: im-7i,1 + anion: ntf2"
712,"cation: im-8,1,1 + anion: h2po4"
713,"cation: im-8,1,1 + anion: ntf2"
714,"cation: im-8,1,1 + anion: otf"
715,"cation: im-8,1 + anion: al(ohfip)4"
716,"cation: im-8,1 + anion: ala"
717,"cation: im-8,1 + anion: alcl4"
718,"cation: im-8,1 + anion: asn"
719,"cation: im-8,1 + anion: bf4"
720,"cation: im-8,1 + anion: cl"
721,"cation: im-8,1 + anion: dca"
722,"cation: im-8,1 + anion: 43500"
723,"cation: im-8,1 + anion: fecl4"
724,"cation: im-8,1 + anion: gly"
725,"cation: im-8,1 + anion: h2po4"
726,"cation: im-8,1 + anion: h3p2o7"
727,"cation: im-8,1 + anion: i"
728,"cation: im-8,1 + anion: nicl4"
729,"cation: im-8,1 + anion: npf2"
730,"cation: im-8,1 + anion: ntf2"
731,"cation: im-8,1 + anion: otf"
732,"cation: im-8,1 + anion: pf6"
733,"cation: im-8,1 + anion: phen"
734,"cation: im-8,1 + anion: po2-o1,o1"
735,"cation: im-8,1 + anion: pro"
736,"cation: im-8,1 + anion: sac"
737,"cation: im-8,1 + anion: scn"
738,"cation: im-8,1 + anion: ser"
739,"cation: im-8,1 + anion: so3-4[f]"
740,"cation: im-8,1 + anion: so4-1"
741,"cation: im-8,1 + anion: so4-2"
742,"cation: im-8,1 + anion: tcb"
743,"cation: im-8,1 + anion: tfa-3[f]"
744,"cation: im-8,1 + anion: tfa"
745,"cation: im-8,2 + anion: po2-o2,o2"
746,"cation: im-8,4 + anion: po2-o4,o4"
747,"cation: im-8,8 + anion: ac"
748,"cation: im-8,8 + anion: no3"
749,"cation: im-8,8 + anion: ntf2"
750,"cation: im-8,8 + anion: po2-o8i,o8i"
751,"cation: im-8chch(E)8,1 + anion: ntf2"
752,"cation: im-8chch(Z)1chch(Z)5,1 + anion: ntf2"
753,"cation: im-8chch(Z)8,1 + anion: ntf2"
754,"cation: im-8i,8i + anion: ac"
755,"cation: im-8i,8i + anion: no3"
756,"cation: im-8i,8i + anion: ntf2"
757,"cation: im-8i,8i + anion: po2-o8i,o8i"
758,"cation: im-9,1 + anion: ntf2"
759,"cation: im-9,1 + anion: pf6"
760,"cation: im-9,9 + anion: ntf2"
761,"cation: im-[2o]21,1 + anion: bf3-1[f]"
762,"cation: im-[2o]21,1 + anion: bf3-2[f]"
763,"cation: im-[2o]21,1 + anion: bf4"
764,"cation: im-[2o]21,1 + anion: cl"
765,"cation: im-[2o]21,1 + anion: pf6"
766,"cation: im-[2o]21,1 + anion: po2-o1,o1"
767,"cation: im-[2o]21,1 + anion: so3-1"
768,"cation: im-[2o]31,1 + anion: po2-o1,o1"
769,"cation: im-[2o]31,1 + anion: so3-1"
770,"cation: im-a,1,1 + anion: bf4"
771,"cation: im-a,10 + anion: dca"
772,"cation: im-a,12 + anion: dca"
773,"cation: im-a,14 + anion: dca"
774,"cation: im-a,1 + anion: al(ohfip)4"
775,"cation: im-a,1 + anion: bf3-3icn"
776,"cation: im-a,1 + anion: br"
777,"cation: im-a,1 + anion: cl"
778,"cation: im-a,1 + anion: dca"
779,"cation: im-a,1 + anion: ntf2"
780,"cation: im-a,2 + anion: br"
781,"cation: im-a,3 + anion: br"
782,"cation: im-a,4 + anion: dca"
783,"cation: im-a,6 + anion: dca"
784,"cation: im-a,8 + anion: dca"
785,"cation: im-a,a + anion: bf3-3icn"
786,"cation: im-a,a + anion: br"
787,"cation: im-a,a + anion: cl"
788,"cation: im-a,a + anion: ntf2"
789,"cation: im-c,1,1 + anion: bf4"
790,"cation: im-c7,1 + anion: ntf2"
791,"cation: im-ch,1 + anion: ntf2"
792,"cation: im-chc(ch3)2,1 + anion: bf4"
793,"cation: im-cp,1 + anion: ntf2"
794,"cation: im-cp,4 + anion: ntf2"
795,"cation: im-moxm,10 + anion: ntf2"
796,"cation: im-moxm,11 + anion: ntf2"
797,"cation: im-moxm,12 + anion: ntf2"
798,"cation: im-moxm,1 + anion: ntf2"
799,"cation: im-moxm,2 + anion: ntf2"
800,"cation: im-moxm,3 + anion: ntf2"
801,"cation: im-moxm,4 + anion: ntf2"
802,"cation: im-moxm,5 + anion: ntf2"
803,"cation: im-moxm,6 + anion: ntf2"
804,"cation: im-moxm,7 + anion: ntf2"
805,"cation: im-moxm,8 + anion: ntf2"
806,"cation: im-moxm,9 + anion: ntf2"
807,"cation: im-v,10 + anion: dca"
808,"cation: im-v,1 + anion: i"
809,"cation: im-v,2 + anion: i"
810,"cation: im-v,3 + anion: i"
811,"cation: im-v,4 + anion: i"
812,"cation: im-v,8 + anion: dca"
813,"cation: im-v,a + anion: dca"
814,"cation: im-v,a + anion: i"
815,cation: im + anion: 4ac
816,cation: im + anion: 5ac
817,cation: im + anion: 6ac
818,cation: im + anion: 7ac
819,cation: mo-1 + anion: bf4
820,cation: mo-1 + anion: for
821,"cation: mo-2,1 + anion: dca"
822,"cation: mo-2,1 + anion: po3h-2"
823,"cation: mo-2,1 + anion: so4-2"
824,cation: mo-2 + anion: bf4
825,cation: mo-2 + anion: for
826,"cation: mo-2o1(3[f]chf2),1 + anion: ntf2"
827,"cation: mo-2o1,1 + anion: bf3-1[f]"
828,"cation: mo-2o1,1 + anion: bf3-2[f]"
829,"cation: mo-2o1,1 + anion: bf3-3[f]"
830,"cation: mo-2o1,1 + anion: fap"
831,"cation: mo-2o1,1 + anion: ntf2"
832,"cation: mo-2o2,1 + anion: ntf2"
833,"cation: mo-3,1 + anion: dca"
834,"cation: mo-3oh,1 + anion: ntf2"
835,"cation: mo-4,1 + anion: al(ohfip)4"
836,"cation: mo-4,1 + anion: bf3-1[f]"
837,"cation: mo-4,1 + anion: bf3-2[f]"
838,"cation: mo-4,1 + anion: ccn3"
839,"cation: mo-4,1 + anion: dca"
840,"cation: mo-4,1 + anion: ntf2"
841,"cation: mo-4,1 + anion: po3h-4"
842,"cation: mo-4,1 + anion: so4-4"
843,"cation: mo-5,1 + anion: dca"
844,"cation: mo-6,1 + anion: dca"
845,"cation: mo-6,1 + anion: fsa"
846,"cation: mo-6,1 + anion: ntf2"
847,"cation: mo-6,1 + anion: po3h-6"
848,"cation: mo-7,1 + anion: dca"
849,"cation: mo-8,1 + anion: dca"
850,"cation: mo-8,1 + anion: po3h-8"
851,"cation: mo-9,1 + anion: dca"
852,"cation: mo-a,1 + anion: ntf2"
853,"cation: mo-a,2 + anion: ntf2"
854,cation: mo + anion: for
855,cation: n-1(1[1])coo1 + anion: bf4
856,cation: n-1(1[1])coo1 + anion: scn
857,cation: n-1(1[1])coo2 + anion: no3
858,cation: n-1(4i[1])coo1 + anion: no3
859,"cation: n-1,1,1,1 + anion: bala"
860,"cation: n-1,1,1,1 + anion: gly"
861,"cation: n-1,1,1,1 + anion: oh"
862,"cation: n-1,1,1 + anion: h2po4"
863,"cation: n-1,1 + anion: for"
864,"cation: n-1,1 + anion: hso4"
865,"cation: n-10,10,1,1 + anion: herbicide-2,4-DP"
866,"cation: n-10,2,2,2 + anion: ntf2"
867,"cation: n-10,3i,1,1 + anion: ntf2"
868,"cation: n-12,1,1,1 + anion: herbicide-2,4-DP"
869,"cation: n-12,2,2,2 + anion: ntf2"
870,"cation: n-14,1,1,1 + anion: herbicide-2,4-DP"
871,"cation: n-14,2,2,2 + anion: ntf2"
872,"cation: n-18,1,1,1 + anion: herbicide-2,4-DP"
873,cation: n-1 + anion: for
874,"cation: n-1coo1,2,2,1 + anion: so4-1"
875,"cation: n-1coo1,4,2,2 + anion: so4-4"
876,"cation: n-1coo1,a,2,2 + anion: ntf2"
877,"cation: n-1coo12,1,1,1 + anion: dca"
878,"cation: n-1coo12,1,1,1 + anion: la"
879,"cation: n-1coo14,1,1,1 + anion: la"
880,"cation: n-1coo16,1,1,1 + anion: la"
881,cation: n-1coo1 + anion: no3
882,"cation: n-1coo2,2,1,1 + anion: so4-2"
883,"cation: n-1coo2,2,2,2 + anion: ntf2"
884,"cation: n-1coo2,2,2,2 + anion: so4-2"
885,"cation: n-1coo2,3,3,3 + anion: ntf2"
886,"cation: n-1coo2,4,1,1 + anion: so4-4"
887,"cation: n-1coo2,4,4,4 + anion: bf4"
888,"cation: n-1coo2,4,4,4 + anion: dca"
889,"cation: n-1coo2,4,4,4 + anion: ntf2"
890,"cation: n-1coo2,5,1,1 + anion: ntf2"
891,"cation: n-1coo2,6,1,1 + anion: ntf2"
892,"cation: n-1coo2,a,1,1 + anion: ntf2"
893,"cation: n-1coo6,1,1,1 + anion: bf4"
894,"cation: n-1coo6,1,1,1 + anion: dca"
895,"cation: n-1cooh,1,1,1 + anion: ntf2"
896,"cation: n-1dmsodmsph,1,1,1 + anion: ntf2"
897,"cation: n-1o1,1,1,1 + anion: ntf2"
898,"cation: n-1o1,2,2,2 + anion: dca"
899,"cation: n-1o1,2,2,2 + anion: ntf2"
900,"cation: n-1o2,2odoe,1,1 + anion: ntf2"
901,"cation: n-1o3,2odoe,1,1 + anion: ntf2"
902,"cation: n-1o4,2odoe,1,1 + anion: ntf2"
903,"cation: n-1o5,2odoe,1,1 + anion: ntf2"
904,"cation: n-1o6,2odoe,1,1 + anion: ntf2"
905,"cation: n-1o7,2odoe,1,1 + anion: ntf2"
906,"cation: n-1o8,2odoe,1,1 + anion: ntf2"
907,"cation: n-1o9,2odoe,1,1 + anion: ntf2"
908,"cation: n-1o[10],2odoe,1,1 + anion: ntf2"
909,"cation: n-1o[11],2odoe,1,1 + anion: ntf2"
910,"cation: n-1o[12],2odoe,1,1 + anion: ntf2"
911,"cation: n-1ph,2,2,2 + anion: tfa"
912,"cation: n-2,1,1,1 + anion: tsac"
913,"cation: n-2,1,1 + anion: ac-ph"
914,"cation: n-2,1,1 + anion: ac"
915,"cation: n-2,1,1 + anion: for"
916,"cation: n-2,2,1 + anion: otf"
917,"cation: n-2,2,1 + anion: so3-1"
918,"cation: n-2,2,2,1 + anion: so4-1"
919,"cation: n-2,2,2,2 + anion: ala"
920,"cation: n-2,2,2,2 + anion: bala"
921,"cation: n-2,2,2,2 + anion: im41"
922,"cation: n-2,2,2,2 + anion: npfso2f"
923,"cation: n-2,2,2,2 + anion: oh"
924,"cation: n-2,2,2,2 + anion: so4-1,1[f],chf2"
925,"cation: n-2,2,2,2 + anion: so4-1,1[f]"
926,"cation: n-2,2,2,2 + anion: so4-1,3[f],chf2"
927,"cation: n-2,2,2,2 + anion: tsac"
928,"cation: n-2,2,2 + anion: ac"
929,"cation: n-2,2,2 + anion: for"
930,"cation: n-2,2,2 + anion: h2po4"
931,"cation: n-2,2,2 + anion: hso4"
932,"cation: n-2,2,2 + anion: ntf2"
933,"cation: n-2,2,2 + anion: otf"
934,"cation: n-2,2,2 + anion: po2-o4,o4"
935,"cation: n-2,2,2 + anion: so3-1"
936,"cation: n-2,2,2 + anion: tfa-2[f]"
937,"cation: n-2,2,2 + anion: tfa-4[f]"
938,"cation: n-2,2,2 + anion: tfa-6[f]"
939,"cation: n-2,2,2 + anion: tfa"
940,"cation: n-2,2 + anion: ac"
941,"cation: n-2,2 + anion: for"
942,"cation: n-2,2 + anion: hso4"
943,"cation: n-2,2 + anion: po2-o4,o4"
944,cation: n-2 + anion: 1ac
945,cation: n-2 + anion: 2ac
946,cation: n-2 + anion: for
947,cation: n-2 + anion: glyc
948,cation: n-2 + anion: hso4
949,cation: n-2 + anion: la
950,cation: n-2 + anion: no3
951,"cation: n-2coo1,1,1,1 + anion: ntf2"
952,"cation: n-2coo1,2,1,1 + anion: ntf2"
953,"cation: n-2coo1ph,1,1,1 + anion: ntf2"
954,"cation: n-2dma,1,1 + anion: ac"
955,"cation: n-2eh,2eh,1,1 + anion: 1ac"
956,"cation: n-2eh,2eh,1,1 + anion: ac"
957,"cation: n-2eh,2eh,1,1 + anion: for"
958,"cation: n-2eh,2eh,1,1 + anion: hso4"
959,"cation: n-2eh,2eh,1,1 + anion: so3-1"
960,"cation: n-2eh,2eh,1,1 + anion: tfa"
961,"cation: n-2n3,1,1,1 + anion: dca"
962,"cation: n-2n3,2,1,1 + anion: dca"
963,"cation: n-2n3,4,1,1 + anion: dca"
964,"cation: n-2n3,a,1,1 + anion: dca"
965,cation: n-2nh2 + anion: ac
966,cation: n-2nh2 + anion: for
967,"cation: n-2nh2 + anion: po2-o4,o4"
968,"cation: n-2o1,1,1,1 + anion: bf3-3[f]"
969,"cation: n-2o1,1,1,1 + anion: bf4"
970,"cation: n-2o1,1,1,1 + anion: ntf2"
971,"cation: n-2o1,1o1,1,1 + anion: bf4"
972,"cation: n-2o1,1o1,1,1 + anion: ntf2"
973,"cation: n-2o1,2,1,1 + anion: bf3-1[f]"
974,"cation: n-2o1,2,1,1 + anion: bf3-2[f]"
975,"cation: n-2o1,2,1,1 + anion: bf3-3[f]"
976,"cation: n-2o1,2,1,1 + anion: bf3-4[f]"
977,"cation: n-2o1,2,1,1 + anion: bf4"
978,"cation: n-2o1,2,1,1 + anion: fap"
979,"cation: n-2o1,2,1,1 + anion: ntf2"
980,"cation: n-2o1,2,2,1 + anion: bf3-1[f]"
981,"cation: n-2o1,2,2,1 + anion: bf3-2[f]"
982,"cation: n-2o1,2,2,1 + anion: bf3-2[f]o1[f]"
983,"cation: n-2o1,2,2,1 + anion: bf3-3[f]"
984,"cation: n-2o1,2,2,1 + anion: bf3-4[f]"
985,"cation: n-2o1,2,2,1 + anion: bf4"
986,"cation: n-2o1,2,2,1 + anion: ntf2"
987,"cation: n-2o1,2,2,1 + anion: tfesi"
988,"cation: n-2o1,2,2,2 + anion: bf3-1[f]"
989,"cation: n-2o1,2,2,2 + anion: bf3-2[f]"
990,"cation: n-2o1,2,2,2 + anion: bf3-3[f]"
991,"cation: n-2o1,2,2,2 + anion: bf3-4[f]"
992,"cation: n-2o1,2,2,2 + anion: ntf2"
993,"cation: n-2o1,2o1,1,1 + anion: bf4"
994,"cation: n-2o1,2o1,1,1 + anion: ntf2"
995,cation: n-2o1 + anion: for
996,"cation: n-2o2,1o1,1,1 + anion: bf4"
997,"cation: n-2o2,1o1,1,1 + anion: ntf2"
998,"cation: n-2o2,2,2,2 + anion: ntf2"
999,"cation: n-2o2,2o1,1,1 + anion: ac"
1000,"cation: n-2o2,2o1,1,1 + anion: bf4"
1001,"cation: n-2o2,2o1,1,1 + anion: ntf2"
1002,"cation: n-2o2,2o2,1,1 + anion: bf4"
1003,"cation: n-2o2,2o2,1,1 + anion: ntf2"
1004,"cation: n-2o2,4,4,4 + anion: ntf2"
1005,"cation: n-2o2,5,5,5 + anion: ntf2"
1006,"cation: n-2o2oh,2o2oh + anion: for"
1007,"cation: n-2o2oh,2o2oh + anion: hso4"
1008,"cation: n-2o2oh,2o2oh + anion: no3"
1009,"cation: n-2o2oh,2o2oh + anion: tfa"
1010,"cation: n-2o2oh,[2o]22oh,13,1 + anion: so4-1"
1011,"cation: n-2o2oh,[2o]22oh,13,1 + anion: so4-[2o]21"
1012,cation: n-2o2oh + anion: ac
1013,cation: n-2o2oh + anion: for
1014,cation: n-2o2oh + anion: la
1015,"cation: n-2oh,1,1,1 + anion: 1ac"
1016,"cation: n-2oh,1,1,1 + anion: 2ac"
1017,"cation: n-2oh,1,1,1 + anion: 4ac"
1018,"cation: n-2oh,1,1,1 + anion: acsul"
1019,"cation: n-2oh,1,1,1 + anion: ala"
1020,"cation: n-2oh,1,1,1 + anion: bala"
1021,"cation: n-2oh,1,1,1 + anion: bes"
1022,"cation: n-2oh,1,1,1 + anion: biot"
1023,"cation: n-2oh,1,1,1 + anion: capso"
1024,"cation: n-2oh,1,1,1 + anion: dca"
1025,"cation: n-2oh,1,1,1 + anion: gly"
1026,"cation: n-2oh,1,1,1 + anion: im44"
1027,"cation: n-2oh,1,1,1 + anion: la"
1028,"cation: n-2oh,1,1,1 + anion: mal"
1029,"cation: n-2oh,1,1,1 + anion: mopso"
1030,"cation: n-2oh,1,1,1 + anion: ntf2"
1031,"cation: n-2oh,1,1,1 + anion: pro"
1032,"cation: n-2oh,1,1,1 + anion: sac"
1033,"cation: n-2oh,1,1,1 + anion: ser"
1034,"cation: n-2oh,1,1,1 + anion: so4-1"
1035,"cation: n-2oh,1,1,1 + anion: vitaminC"
1036,"cation: n-2oh,1 + anion: 1ac"
1037,"cation: n-2oh,1 + anion: 2ac"
1038,"cation: n-2oh,1 + anion: 2aci"
1039,"cation: n-2oh,1 + anion: 3ac"
1040,"cation: n-2oh,1 + anion: ac"
1041,"cation: n-2oh,1 + anion: for"
1042,"cation: n-2oh,1ph,1,1 + anion: ntf2"
1043,"cation: n-2oh,2,1,1 + anion: so3-4"
1044,"cation: n-2oh,2,1,1 + anion: so4-2"
1045,"cation: n-2oh,2,2 + anion: otf"
1046,"cation: n-2oh,2,2 + anion: tfa"
1047,"cation: n-2oh,2br,1,1 + anion: ntf2"
1048,"cation: n-2oh,2oh,1 + anion: ac"
1049,"cation: n-2oh,2oh,1 + anion: la"
1050,"cation: n-2oh,2oh,2oh,1 + anion: so4-1"
1051,"cation: n-2oh,2oh,2oh + anion: 3ac"
1052,"cation: n-2oh,2oh,2oh + anion: ac"
1053,"cation: n-2oh,2oh,2oh + anion: for"
1054,"cation: n-2oh,2oh,2oh + anion: la"
1055,"cation: n-2oh,2oh,2oh + anion: mal"
1056,"cation: n-2oh,2oh + anion: 1ac"
1057,"cation: n-2oh,2oh + anion: 3ac"
1058,"cation: n-2oh,2oh + anion: ac"
1059,"cation: n-2oh,2oh + anion: for"
1060,"cation: n-2oh,2oh + anion: la"
1061,"cation: n-2oh,2oh + anion: mal"
1062,"cation: n-2oh,2oh + anion: po2-o4,o4"
1063,"cation: n-2oh,2oh + anion: so3-1"
1064,"cation: n-2oh,2oh + anion: so3-nh2"
1065,"cation: n-2oh,3,1,1 + anion: ntf2"
1066,"cation: n-2oh,3i,1,1 + anion: ntf2"
1067,"cation: n-2oh,8,1,1 + anion: ntf2"
1068,"cation: n-2oh,8i,1,1 + anion: ntf2"
1069,"cation: n-2oh,ph + anion: 1ac"
1070,"cation: n-2oh,ph + anion: 2ac"
1071,"cation: n-2oh,ph + anion: 3ac"
1072,"cation: n-2oh,ph + anion: 4ac"
1073,cation: n-2oh + anion: 3ac
1074,cation: n-2oh + anion: ac
1075,cation: n-2oh + anion: for
1076,cation: n-2oh + anion: hso4
1077,cation: n-2oh + anion: la
1078,cation: n-2oh + anion: mal
1079,cation: n-2oh + anion: no3
1080,"cation: n-2ono2,1,1,1 + anion: dca"
1081,"cation: n-2oso3h,1,1,1 + anion: ntf2"
1082,"cation: n-2oso3h,2,2,2 + anion: ntf2"
1083,"cation: n-2oso3h,6,6,6 + anion: ntf2"
1084,"cation: n-2oso3h,8,8,8 + anion: ntf2"
1085,"cation: n-3(1[f]),2,2,1 + anion: ntf2"
1086,"cation: n-3,1,1,1 + anion: c1c2"
1087,"cation: n-3,1,1,1 + anion: ntf2"
1088,"cation: n-3,1,1,1 + anion: tsac"
1089,"cation: n-3,2,1,1 + anion: al(ohfip)4"
1090,"cation: n-3,2,1,1 + anion: al2br7"
1091,"cation: n-3,2,1,1 + anion: ntf2"
1092,"cation: n-3,2,2,1 + anion: ntf2"
1093,"cation: n-3,2,2,1 + anion: tfesi"
1094,"cation: n-3,3,2,1 + anion: ntf2"
1095,"cation: n-3,3,3,3 + anion: oh"
1096,"cation: n-3,3,3,3 + anion: so4-4"
1097,"cation: n-3,3 + anion: scn"
1098,"cation: n-3,3i,1,1 + anion: ntf2"
1099,cation: n-3 + anion: ac
1100,cation: n-3 + anion: for
1101,cation: n-3 + anion: no3
1102,"cation: n-3cooh,1,1,1 + anion: ntf2"
1103,"cation: n-3i,1,1,1 + anion: tsac"
1104,"cation: n-3i,3i,1 + anion: ac"
1105,"cation: n-3i,3i,1 + anion: for"
1106,"cation: n-3i,3i,1 + anion: hf2"
1107,"cation: n-3i,3i,2 + anion: ac"
1108,"cation: n-3i,3i,2 + anion: for"
1109,"cation: n-3i,3i,2 + anion: hf2"
1110,cation: n-3o1 + anion: ac
1111,"cation: n-3oh[2](cl),1,1,1 + anion: ntf2"
1112,cation: n-3oh[2] + anion: for
1113,cation: n-3oh + anion: ac
1114,cation: n-3oh + anion: for
1115,cation: n-3oh + anion: mal
1116,cation: n-3oh + anion: tfa
1117,"cation: n-3oso3h,1,1,1 + anion: ntf2"
1118,"cation: n-3so3h,4i + anion: hso4"
1119,"cation: n-4,1,1,1 + anion: ntf2"
1120,"cation: n-4,2,1,1 + anion: bf3-1[f]"
1121,"cation: n-4,2,1,1 + anion: bf3-2[f]"
1122,"cation: n-4,2,1,1 + anion: ntf2"
1123,"cation: n-4,2,1,1 + anion: so4-2"
1124,"cation: n-4,2,2,1 + anion: al2br7"
1125,"cation: n-4,2,2,1 + anion: bf3-2[f]o1[f]"
1126,"cation: n-4,2,2,1 + anion: ntf2"
1127,"cation: n-4,2,2,1 + anion: tfesi"
1128,"cation: n-4,2,2,2 + anion: ac"
1129,"cation: n-4,3,1,1 + anion: al2br7"
1130,"cation: n-4,3,1,1 + anion: ntf2"
1131,"cation: n-4,3i,1,1 + anion: ntf2"
1132,"cation: n-4,4,4,1 + anion: al(ohfip)4"
1133,"cation: n-4,4,4,1 + anion: dca"
1134,"cation: n-4,4,4,1 + anion: ntf2"
1135,"cation: n-4,4,4,4 + anion: al(ohfip)4"
1136,"cation: n-4,4,4,4 + anion: bala"
1137,"cation: n-4,4,4,4 + anion: behss"
1138,"cation: n-4,4,4,4 + anion: bes"
1139,"cation: n-4,4,4,4 + anion: bf2ox"
1140,"cation: n-4,4,4,4 + anion: capso"
1141,"cation: n-4,4,4,4 + anion: croc"
1142,"cation: n-4,4,4,4 + anion: gly"
1143,"cation: n-4,4,4,4 + anion: mopso"
1144,"cation: n-4,4,4,4 + anion: oh"
1145,"cation: n-4,4,4,4 + anion: phen-no2[2],no2[4],no2[6]"
1146,"cation: n-4,4,4,4 + anion: so3-4[f]"
1147,"cation: n-4,4,4,4 + anion: so3-8[f]"
1148,"cation: n-4,4,4,4 + anion: so4-1,1[f],chf2"
1149,"cation: n-4,4,4,4 + anion: so4-1,3[f],chf2"
1150,"cation: n-4,4,4,4 + anion: val"
1151,"cation: n-4,4,4 + anion: no3"
1152,"cation: n-4,4 + anion: for"
1153,"cation: n-4,4 + anion: po2-o4,o4"
1154,cation: n-4 + anion: ac
1155,cation: n-4 + anion: for
1156,cation: n-4 + anion: hso4
1157,cation: n-4 + anion: no3
1158,cation: n-4 + anion: scn
1159,cation: n-4i + anion: for
1160,"cation: n-4oso3h,1,1,1 + anion: ntf2"
1161,cation: n-4s + anion: scn
1162,"cation: n-4so3h,4i + anion: hso4"
1163,"cation: n-5,2,1,1 + anion: ntf2"
1164,"cation: n-5,2,2,2 + anion: al(ohfip)4"
1165,"cation: n-5,2,2,2 + anion: al2br7"
1166,"cation: n-5,2,2,2 + anion: ntf2"
1167,"cation: n-5,5,5,5 + anion: behss"
1168,"cation: n-5,5,5,5 + anion: c1c2"
1169,"cation: n-5,5,5,5 + anion: ntf2"
1170,"cation: n-5,5,5,5 + anion: tsac"
1171,cation: n-5 + anion: for
1172,cation: n-5i + anion: for
1173,"cation: n-6,1,1,1 + anion: ntf2"
1174,"cation: n-6,2,2,2 + anion: dca"
1175,"cation: n-6,2,2,2 + anion: ntf2"
1176,"cation: n-6,3i,1,1 + anion: ntf2"
1177,"cation: n-6,4,4,4 + anion: ntf2"
1178,"cation: n-6,6,6,2 + anion: al(ohfip)4"
1179,"cation: n-6,6,6,2 + anion: ntf2"
1180,"cation: n-6,6,6,6 + anion: behss"
1181,"cation: n-6,6,6,6 + anion: ntf2"
1182,"cation: n-6,6,6,6 + anion: ph-coo"
1183,"cation: n-7,1,1,1 + anion: ntf2"
1184,"cation: n-7,2,1,1 + anion: ntf2"
1185,"cation: n-7,2,2,2 + anion: ntf2"
1186,"cation: n-7,3i,3i,2 + anion: ntf2"
1187,"cation: n-7,4,4,4 + anion: ntf2"
1188,"cation: n-7,7,7,7 + anion: behss"
1189,"cation: n-7,7,7,7 + anion: cl"
1190,"cation: n-7,7,7,7 + anion: ntf2"
1191,"cation: n-8,1,1,1 + anion: ntf2"
1192,"cation: n-8,2,2,2 + anion: dca"
1193,"cation: n-8,2,2,2 + anion: fsa"
1194,"cation: n-8,2,2,2 + anion: ntf2"
1195,"cation: n-8,4,4,4 + anion: ntf2"
1196,"cation: n-8,4,4,4 + anion: otf"
1197,"cation: n-8,8,8,1 + anion: al(ohfip)4"
1198,"cation: n-8,8,8,1 + anion: cl"
1199,"cation: n-8,8,8,1 + anion: ntf2"
1200,"cation: n-8,8,8,1 + anion: so4-1,1[f],chf2"
1201,"cation: n-8,8,8,1 + anion: so4-1,1[f]"
1202,"cation: n-8,8,8,1 + anion: so4-1,3[f],chf2"
1203,"cation: n-8,8,8,1 + anion: tfa"
1204,"cation: n-8,8,8,1 + anion: tfpb"
1205,"cation: n-8,8,8,8 + anion: behss"
1206,"cation: n-8,8,8 + anion: 8ac-6[2]"
1207,"cation: n-8,8,8 + anion: ac-2ph"
1208,"cation: n-8,8,8 + anion: naphthoate2"
1209,"cation: n-8,8,8 + anion: ph-coo[1],4t[4]"
1210,"cation: n-[2o]21,1,1,1 + anion: ntf2"
1211,"cation: n-[2o]21,2,1,1 + anion: ntf2"
1212,"cation: n-[2o]21,[2o]21,[2o]21,2 + anion: ntf2"
1213,"cation: n-a,1,1,1 + anion: tsac"
1214,"cation: n-a,a + anion: ac"
1215,"cation: n-a,a + anion: for"
1216,"cation: n-a,a + anion: mal"
1217,"cation: n-ch,10,1,1 + anion: ac"
1218,"cation: n-ch,12,1,1 + anion: ac"
1219,"cation: n-ch,2,1,1 + anion: ac"
1220,"cation: n-ch,4,1,1 + anion: ac-[o2]2o1"
1221,"cation: n-ch,4,1,1 + anion: ac-o1"
1222,"cation: n-ch,4,1,1 + anion: ac-o2"
1223,"cation: n-ch,4,1,1 + anion: ac-o2o1"
1224,"cation: n-ch,4,1,1 + anion: ac"
1225,"cation: n-ch,4,1,1 + anion: for"
1226,"cation: n-ch,6,1,1 + anion: ac-[o2]2o1"
1227,"cation: n-ch,6,1,1 + anion: ac-o1"
1228,"cation: n-ch,6,1,1 + anion: ac-o2"
1229,"cation: n-ch,6,1,1 + anion: ac-o2o1"
1230,"cation: n-ch,6,1,1 + anion: ac"
1231,"cation: n-ch,6,1,1 + anion: for"
1232,"cation: n-ch,8,1,1 + anion: ac-[o2]2o1"
1233,"cation: n-ch,8,1,1 + anion: ac-o1"
1234,"cation: n-ch,8,1,1 + anion: ac-o2"
1235,"cation: n-ch,8,1,1 + anion: ac-o2o1"
1236,"cation: n-ch,8,1,1 + anion: ac"
1237,"cation: n-ch,8,1,1 + anion: for"
1238,"cation: n-moxm,10,1,1 + anion: ntf2"
1239,"cation: n-moxm,11,1,1 + anion: ntf2"
1240,"cation: n-moxm,2,1,1 + anion: ntf2"
1241,"cation: n-moxm,2,2,1 + anion: ntf2"
1242,"cation: n-moxm,2,2,2 + anion: ntf2"
1243,"cation: n-moxm,4,1,1 + anion: ntf2"
1244,"cation: n-moxm,6,1,1 + anion: ntf2"
1245,"cation: n-moxm,7,1,1 + anion: ntf2"
1246,"cation: n-moxm,8,1,1 + anion: ntf2"
1247,"cation: n-moxm,9,1,1 + anion: ntf2"
1248,"cation: n-nh2,1cch,1,1 + anion: dca"
1249,"cation: n-nh2,1cch,1,1 + anion: ncnno2"
1250,"cation: n-nh2,1cn,1,1 + anion: dca"
1251,"cation: n-nh2,1cn,1,1 + anion: ncnno2"
1252,"cation: n-nh2,2,1,1 + anion: dca"
1253,"cation: n-nh2,2oh,1,1 + anion: dca"
1254,"cation: n-nh2,2oh,1,1 + anion: ncnno2"
1255,"cation: n-nh2,4,1,1 + anion: dca"
1256,"cation: n-nh2,4,1,1 + anion: ncnno2"
1257,"cation: n-nh2,a,1,1 + anion: dca"
1258,"cation: n-nh2,a,1,1 + anion: ncnno2"
1259,"cation: n-ph,1,1,1 + anion: ntf2"
1260,"cation: n=c-o1,1,1 + anion: ntf2"
1261,"cation: n=c-o1,1,1 + anion: otf"
1262,"cation: n=c-o2,1,1 + anion: ntf2"
1263,"cation: n=c-o2,1,1 + anion: otf"
1264,"cation: n=c1-o1,2,2 + anion: ntf2"
1265,"cation: n=c1-o1,2,2 + anion: otf"
1266,"cation: n=c1-o2,1,1 + anion: ntf2"
1267,"cation: n=c1-o2,2,2 + anion: ntf2"
1268,"cation: n=c1-o2,2,2 + anion: otf"
1269,"cation: ox-2o1,1 + anion: bf3-1[f]"
1270,"cation: ox-2o1,1 + anion: bf3-2[f]"
1271,"cation: ox-2o1,1 + anion: bf3-3[f]"
1272,"cation: ox-2o1,1 + anion: bf3-4[f]"
1273,"cation: ox-2o1,1 + anion: bf4"
1274,"cation: ox-2o1,1 + anion: ntf2"
1275,"cation: ox-3,1 + anion: ntf2"
1276,"cation: ox-3f,1 + anion: ntf2"
1277,"cation: ox-4,1 + anion: bf3-1[f]"
1278,"cation: ox-4,1 + anion: bf3-2[f]"
1279,"cation: ox-4,1 + anion: bf4"
1280,"cation: ox-4,1 + anion: ntf2"
1281,"cation: p-10,2,2,2 + anion: pyrazolide-no2[4]"
1282,"cation: p-10,4,4,4 + anion: cl"
1283,"cation: p-10,6,6,6 + anion: acsul"
1284,"cation: p-10,8,8,8 + anion: cl"
1285,"cation: p-12,2,2,2 + anion: ntf2"
1286,"cation: p-12,2,2,2 + anion: pyrrolide-cn[2]"
1287,"cation: p-12,4,4,4 + anion: bf4"
1288,"cation: p-12,4,4,4 + anion: cl"
1289,"cation: p-12,4,4,4 + anion: ntf2"
1290,"cation: p-12,4,4,4 + anion: pyrrolide-cn[2]"
1291,"cation: p-12,4,4,4 + anion: so3-ph-coo1[3],coo1[5]"
1292,"cation: p-12,4,4,4 + anion: triazolide123"
1293,"cation: p-12,6,6,6 + anion: acsul"
1294,"cation: p-12,8,8,8 + anion: cl"
1295,"cation: p-14,4,4,4 + anion: bmb"
1296,"cation: p-14,4,4,4 + anion: bscb"
1297,"cation: p-14,4,4,4 + anion: dbs"
1298,"cation: p-14,4,4,4 + anion: po2-o8i,o8i"
1299,"cation: p-14,6,6,6 + anion: 8ac"
1300,"cation: p-14,6,6,6 + anion: ac-nh1"
1301,"cation: p-14,6,6,6 + anion: ac"
1302,"cation: p-14,6,6,6 + anion: acsul"
1303,"cation: p-14,6,6,6 + anion: ala"
1304,"cation: p-14,6,6,6 + anion: behss"
1305,"cation: p-14,6,6,6 + anion: benzimidazolide-br[6]"
1306,"cation: p-14,6,6,6 + anion: benzimidazolide-s1[2]"
1307,"cation: p-14,6,6,6 + anion: benzimidazolide"
1308,"cation: p-14,6,6,6 + anion: bf4"
1309,"cation: p-14,6,6,6 + anion: bmb"
1310,"cation: p-14,6,6,6 + anion: bmlb"
1311,"cation: p-14,6,6,6 + anion: bob"
1312,"cation: p-14,6,6,6 + anion: br"
1313,"cation: p-14,6,6,6 + anion: bscb"
1314,"cation: p-14,6,6,6 + anion: cl"
1315,"cation: p-14,6,6,6 + anion: cocl4"
1316,"cation: p-14,6,6,6 + anion: cyc"
1317,"cation: p-14,6,6,6 + anion: dbs"
1318,"cation: p-14,6,6,6 + anion: dca"
1319,"cation: p-14,6,6,6 + anion: fap"
1320,"cation: p-14,6,6,6 + anion: fecl4"
1321,"cation: p-14,6,6,6 + anion: fpi"
1322,"cation: p-14,6,6,6 + anion: gdcl6"
1323,"cation: p-14,6,6,6 + anion: gly"
1324,"cation: p-14,6,6,6 + anion: hfps"
1325,"cation: p-14,6,6,6 + anion: ile"
1326,"cation: p-14,6,6,6 + anion: imidazolide-1[2],no2[5]"
1327,"cation: p-14,6,6,6 + anion: imidazolide-cl[4],cl[5]"
1328,"cation: p-14,6,6,6 + anion: imidazolide-cn[4],cn[5]"
1329,"cation: p-14,6,6,6 + anion: imidazolide-no2[4]"
1330,"cation: p-14,6,6,6 + anion: indazolide"
1331,"cation: p-14,6,6,6 + anion: leu"
1332,"cation: p-14,6,6,6 + anion: mncl4"
1333,"cation: p-14,6,6,6 + anion: naph1"
1334,"cation: p-14,6,6,6 + anion: naph2"
1335,"cation: p-14,6,6,6 + anion: ntf2"
1336,"cation: p-14,6,6,6 + anion: ox"
1337,"cation: p-14,6,6,6 + anion: phen-1[2],1[4]"
1338,"cation: p-14,6,6,6 + anion: phen-1[2],1[6]"
1339,"cation: p-14,6,6,6 + anion: phen-1[2]"
1340,"cation: p-14,6,6,6 + anion: phen-1[3]"
1341,"cation: p-14,6,6,6 + anion: phen-1[4]"
1342,"cation: p-14,6,6,6 + anion: phen-1[f][4]"
1343,"cation: p-14,6,6,6 + anion: phen-3i[4]"
1344,"cation: p-14,6,6,6 + anion: phen-4t[4]"
1345,"cation: p-14,6,6,6 + anion: phen-cl[2],cl[4],cl[6]"
1346,"cation: p-14,6,6,6 + anion: phen-cl[2],cl[4]"
1347,"cation: p-14,6,6,6 + anion: phen-cl[2]"
1348,"cation: p-14,6,6,6 + anion: phen-cl[3]"
1349,"cation: p-14,6,6,6 + anion: phen-cl[4]"
1350,"cation: p-14,6,6,6 + anion: phen-no2[4]"
1351,"cation: p-14,6,6,6 + anion: phen-o1[3]"
1352,"cation: p-14,6,6,6 + anion: phen-o1[4]"
1353,"cation: p-14,6,6,6 + anion: phen"
1354,"cation: p-14,6,6,6 + anion: po2-8i,8i"
1355,"cation: p-14,6,6,6 + anion: po2-o8i,o8i"
1356,"cation: p-14,6,6,6 + anion: pyrazolide-cf3[3]"
1357,"cation: p-14,6,6,6 + anion: pyrazolide-no2[4]"
1358,"cation: p-14,6,6,6 + anion: sac"
1359,"cation: p-14,6,6,6 + anion: so3-1"
1360,"cation: p-14,6,6,6 + anion: tetrazolide"
1361,"cation: p-14,6,6,6 + anion: tpes"
1362,"cation: p-14,6,6,6 + anion: triazolide"
1363,"cation: p-14,6,6,6 + anion: triazolide123"
1364,"cation: p-14,6,6,6 + anion: val"
1365,"cation: p-14,8,8,8 + anion: behss"
1366,"cation: p-14,8,8,8 + anion: cl"
1367,"cation: p-16,6,6,6 + anion: acsul"
1368,"cation: p-18,4,4,4 + anion: pyrrolide-cn[2]"
1369,"cation: p-18,4,4,4 + anion: triazolide123"
1370,"cation: p-1o1,1,1,1 + anion: fsa"
1371,"cation: p-1o1,1,1,1 + anion: ntf2"
1372,"cation: p-1o1,2,2,2 + anion: dca"
1373,"cation: p-1o1,2,2,2 + anion: ntf2"
1374,"cation: p-1o1,4,4,4 + anion: triazolide123"
1375,"cation: p-1o2,2,2,2 + anion: triazolide123"
1376,"cation: p-1o2o1,2,2,2 + anion: imidazolide-1[2],no2[5]"
1377,"cation: p-1o2o1,2,2,2 + anion: pyrazolide-no2[4]"
1378,"cation: p-1o2o1,2,2,2 + anion: triazolide123"
1379,"cation: p-1ph,2,2,2 + anion: ntf2"
1380,"cation: p-1pha[4],8,8,8 + anion: bf4"
1381,"cation: p-1pha[4],8,8,8 + anion: no2"
1382,"cation: p-1pha[4],8,8,8 + anion: ntf2"
1383,"cation: p-1pha[4],8,8,8 + anion: pf6"
1384,"cation: p-2,2,2,2 + anion: pyrrolide-cn[2]"
1385,"cation: p-2o1,2,2,2 + anion: dca"
1386,"cation: p-2o1,2,2,2 + anion: ntf2"
1387,"cation: p-2oh,4,4,4 + anion: ntf2"
1388,"cation: p-2oso3h,4,4,4 + anion: ntf2"
1389,"cation: p-2oso3h,8,8,8 + anion: ntf2"
1390,"cation: p-2v,2,2,2 + anion: pyrazolide-no2[4]"
1391,"cation: p-3,1,1,1 + anion: fsa"
1392,"cation: p-3chch2,2,2,2 + anion: ntf2"
1393,"cation: p-3nh2,4,4,4 + anion: ala"
1394,"cation: p-3nh2,4,4,4 + anion: arg"
1395,"cation: p-3nh2,4,4,4 + anion: asn"
1396,"cation: p-3nh2,4,4,4 + anion: asp"
1397,"cation: p-3nh2,4,4,4 + anion: cys"
1398,"cation: p-3nh2,4,4,4 + anion: gln"
1399,"cation: p-3nh2,4,4,4 + anion: glu"
1400,"cation: p-3nh2,4,4,4 + anion: gly"
1401,"cation: p-3nh2,4,4,4 + anion: ile"
1402,"cation: p-3nh2,4,4,4 + anion: leu"
1403,"cation: p-3nh2,4,4,4 + anion: lys"
1404,"cation: p-3nh2,4,4,4 + anion: met"
1405,"cation: p-3nh2,4,4,4 + anion: phe"
1406,"cation: p-3nh2,4,4,4 + anion: pro"
1407,"cation: p-3nh2,4,4,4 + anion: ser"
1408,"cation: p-3nh2,4,4,4 + anion: thr"
1409,"cation: p-3nh2,4,4,4 + anion: tyr"
1410,"cation: p-3nh2,4,4,4 + anion: val"
1411,"cation: p-3oh(oh[2]),8,8,8 + anion: bf4"
1412,"cation: p-3oh(oh[2]),8,8,8 + anion: cl"
1413,"cation: p-3oh(oh[2]),8,8,8 + anion: no2"
1414,"cation: p-3oh(oh[2]),8,8,8 + anion: ntf2"
1415,"cation: p-3oh(oh[2]),8,8,8 + anion: pf6"
1416,"cation: p-4,2,2,2 + anion: dca"
1417,"cation: p-4,2,2,2 + anion: imidazolide-1[2],no2[5]"
1418,"cation: p-4,2,2,2 + anion: po2-o2,o2"
1419,"cation: p-4,2,2,2 + anion: pyrazolide-no2[4]"
1420,"cation: p-4,2,2,2 + anion: pyrrolide-cn[2]"
1421,"cation: p-4,4,4,1 + anion: cl"
1422,"cation: p-4,4,4,1 + anion: dca"
1423,"cation: p-4,4,4,1 + anion: ntf2"
1424,"cation: p-4,4,4,1 + anion: po2-8i,8i"
1425,"cation: p-4,4,4,1 + anion: po2-o1,o1"
1426,"cation: p-4,4,4,1 + anion: so4-1"
1427,"cation: p-4,4,4,1 + anion: so4-12"
1428,"cation: p-4,4,4,2 + anion: po2-o2,o2"
1429,"cation: p-4,4,4,4 + anion: 1ac"
1430,"cation: p-4,4,4,4 + anion: 2ac"
1431,"cation: p-4,4,4,4 + anion: ac"
1432,"cation: p-4,4,4,4 + anion: ala"
1433,"cation: p-4,4,4,4 + anion: bala"
1434,"cation: p-4,4,4,4 + anion: bes"
1435,"cation: p-4,4,4,4 + anion: capso"
1436,"cation: p-4,4,4,4 + anion: for"
1437,"cation: p-4,4,4,4 + anion: gly"
1438,"cation: p-4,4,4,4 + anion: lys"
1439,"cation: p-4,4,4,4 + anion: mopso"
1440,"cation: p-4,4,4,4 + anion: phen-f[2]"
1441,"cation: p-4,4,4,4 + anion: phen-f[3]"
1442,"cation: p-4,4,4,4 + anion: phen-f[4]"
1443,"cation: p-4,4,4,4 + anion: phen"
1444,"cation: p-4,4,4,4 + anion: po2-8i,8i"
1445,"cation: p-4,4,4,4 + anion: po2-o8i,o8i"
1446,"cation: p-4,4,4,4 + anion: pro"
1447,"cation: p-4,4,4,4 + anion: ps2-o2,o2"
1448,"cation: p-4,4,4,4 + anion: sac"
1449,"cation: p-4,4,4,4 + anion: ser"
1450,"cation: p-4,4,4,4 + anion: val"
1451,"cation: p-4,4,4 + anion: bf4"
1452,"cation: p-4i,1,1,1 + anion: fsa"
1453,"cation: p-4i,4i,4i,1 + anion: so3-ph1"
1454,"cation: p-5,2,2,2 + anion: al2br7"
1455,"cation: p-5,2,2,2 + anion: fsa"
1456,"cation: p-5,2,2,2 + anion: ntf2"
1457,"cation: p-6,1,1,1 + anion: ntf2"
1458,"cation: p-6,1,1,1 + anion: tsac"
1459,"cation: p-6,2,2,2 + anion: dca"
1460,"cation: p-6,4,4,4 + anion: cl"
1461,"cation: p-6,4,4,4 + anion: ntf2"
1462,"cation: p-6,6,6,2 + anion: acsul"
1463,"cation: p-6,6,6,3 + anion: acsul"
1464,"cation: p-6,6,6,4 + anion: acsul"
1465,"cation: p-6,6,6,4i + anion: bmb"
1466,"cation: p-6,6,6,4i + anion: bob"
1467,"cation: p-6,6,6,4i + anion: br"
1468,"cation: p-6,6,6,4i + anion: bscb"
1469,"cation: p-6,6,6,6 + anion: acsul"
1470,"cation: p-7,2,2,2 + anion: pyrazolide-no2[4]"
1471,"cation: p-7,6,6,6 + anion: acsul"
1472,"cation: p-8,1,1,1 + anion: po2-8i,8i"
1473,"cation: p-8,2,2,2 + anion: dca"
1474,"cation: p-8,2,2,2 + anion: imidazolide-1[2],no2[5]"
1475,"cation: p-8,2,2,2 + anion: imidazolide-no2[4]"
1476,"cation: p-8,2,2,2 + anion: ntf2"
1477,"cation: p-8,2,2,2 + anion: pyrazolide-no2[4]"
1478,"cation: p-8,2,2,2 + anion: pyrrolide-cn[2]"
1479,"cation: p-8,4,4,4 + anion: bf4"
1480,"cation: p-8,4,4,4 + anion: bmb"
1481,"cation: p-8,4,4,4 + anion: bscb"
1482,"cation: p-8,4,4,4 + anion: cl"
1483,"cation: p-8,4,4,4 + anion: dca"
1484,"cation: p-8,4,4,4 + anion: ntf2"
1485,"cation: p-8,4,4,4 + anion: otf"
1486,"cation: p-8,4,4,4 + anion: pf6"
1487,"cation: p-8,4,4,4 + anion: po2-o8i,o8i"
1488,"cation: p-8,4,4,4 + anion: scn"
1489,"cation: p-8,4,4,4 + anion: so3-ph1"
1490,"cation: p-8,4,4,4 + anion: tfa"
1491,"cation: p-8,6,6,6 + anion: acsul"
1492,"cation: p-8,8,8,1 + anion: ntf2"
1493,"cation: p-8,8,8,3 + anion: cl"
1494,"cation: p-8,8,8,4 + anion: cl"
1495,"cation: p-8,8,8,5 + anion: cl"
1496,"cation: p-8,8,8,6 + anion: cl"
1497,"cation: p-8,8,8,7 + anion: cl"
1498,"cation: p-8,8,8,8 + anion: br"
1499,"cation: p-8,8,8,8 + anion: cl"
1500,"cation: p-8,8,8,8 + anion: ntf2"
1501,"cation: p-8,8,8,8 + anion: po2-o8i,o8i"
1502,"cation: p-8,8,8,8 + anion: tb"
1503,"cation: p-9,2,2,2 + anion: pyrazolide-no2[4]"
1504,"cation: p-9,8,8,8 + anion: cl"
1505,"cation: p-a,1,1,1 + anion: ntf2"
1506,"cation: p-a,1,1,1 + anion: tfa"
1507,"cation: p-a,4,4,4 + anion: ntf2"
1508,cation: pip-1 + anion: bf4
1509,cation: pip-1 + anion: tfa-2[f]
1510,cation: pip-1 + anion: tfa-4[f]
1511,cation: pip-1 + anion: tfa-6[f]
1512,cation: pip-1 + anion: tfa
1513,"cation: pip-1cn,1 + anion: ntf2"
1514,"cation: pip-1coo1,2 + anion: ntf2"
1515,"cation: pip-1o1,1 + anion: ntf2"
1516,"cation: pip-1o1,2 + anion: ntf2"
1517,"cation: pip-2,1 + anion: po3h-2"
1518,"cation: pip-2,1 + anion: so4-2"
1519,"cation: pip-2o1,1,1[3] + anion: ntf2"
1520,"cation: pip-2o1,1,1[3] + anion: otf"
1521,"cation: pip-2o1,1,1[3] + anion: tfa"
1522,"cation: pip-2o1,1 + anion: bf3-1[f]"
1523,"cation: pip-2o1,1 + anion: bf3-2[f]"
1524,"cation: pip-2o1,1 + anion: bf3-3[f]"
1525,"cation: pip-2o1,1 + anion: bf3-4[f]"
1526,"cation: pip-2o1,1 + anion: bf4"
1527,"cation: pip-2o1,1 + anion: fap"
1528,"cation: pip-2o1,1 + anion: ntf2"
1529,"cation: pip-2o1,1 + anion: otf"
1530,"cation: pip-2o1,1 + anion: tfa"
1531,"cation: pip-2o1,2 + anion: ntf2"
1532,"cation: pip-2o1,2o1 + anion: ntf2"
1533,"cation: pip-2o1,2o2 + anion: ntf2"
1534,"cation: pip-2oh,1 + anion: ntf2"
1535,"cation: pip-2oh,2 + anion: ntf2"
1536,"cation: pip-3(1[f]),1 + anion: ntf2"
1537,"cation: pip-3,1 + anion: c1c2"
1538,"cation: pip-3,1 + anion: fsa"
1539,"cation: pip-3,1 + anion: npfso2f"
1540,"cation: pip-3,1 + anion: ntf2"
1541,"cation: pip-3,1 + anion: tfesi"
1542,"cation: pip-3,1 + anion: tsac"
1543,"cation: pip-3cn,1 + anion: ntf2"
1544,"cation: pip-3cn,1 + anion: scn"
1545,"cation: pip-3oh,1 + anion: ntf2"
1546,"cation: pip-3oh,1 + anion: scn"
1547,"cation: pip-3oh,2 + anion: ntf2"
1548,"cation: pip-4,1,1[3] + anion: ntf2"
1549,"cation: pip-4,1 + anion: bf3-1[f]"
1550,"cation: pip-4,1 + anion: dca"
1551,"cation: pip-4,1 + anion: ntf2"
1552,"cation: pip-4,1 + anion: otf"
1553,"cation: pip-4,1 + anion: po3h-4"
1554,"cation: pip-4,1 + anion: scn"
1555,"cation: pip-4,1 + anion: tcb"
1556,"cation: pip-4,2 + anion: ntf2"
1557,"cation: pip-4i,1 + anion: ntf2"
1558,"cation: pip-5,1 + anion: ntf2"
1559,"cation: pip-5,2 + anion: ntf2"
1560,"cation: pip-6,1,1[3] + anion: ntf2"
1561,"cation: pip-6,1 + anion: ntf2"
1562,"cation: pip-6,1 + anion: po3h-6"
1563,"cation: pip-7,1 + anion: ntf2"
1564,"cation: pip-8,1 + anion: ntf2"
1565,"cation: pip-8,1 + anion: po3h-8"
1566,"cation: pip-[2o]21,1,1[3] + anion: ntf2"
1567,"cation: pip-[2o]21,1,1[3] + anion: otf"
1568,"cation: pip-[2o]21,1,1[3] + anion: tfa"
1569,"cation: pip-[2o]21,1 + anion: ntf2"
1570,"cation: pip-[2o]21,[2o]21 + anion: ntf2"
1571,"cation: pip-a,1 + anion: ntf2"
1572,"cation: pip-a,a + anion: ntf2"
1573,cation: pip + anion: ntf2
1574,"cation: pipz-2,2 + anion: so4-1,3[f],chf2"
1575,cation: pipz-2 + anion: 1ac
1576,"cation: pphin-4,1 + anion: ntf2"
1577,"cation: pphin-ph,4 + anion: ntf2"
1578,"cation: pphol-4,1 + anion: ntf2"
1579,"cation: pphol-ph,4 + anion: ntf2"
1580,cation: py(D)-2D + anion: fap
1581,"cation: py-1,1[3] + anion: so4-1"
1582,"cation: py-1,2[2] + anion: so4-1"
1583,"cation: py-10,py[4] + anion: ntf2"
1584,cation: py-10 + anion: fecl4
1585,cation: py-10 + anion: ntf2
1586,cation: py-10cn + anion: ntf2
1587,cation: py-12 + anion: ntf2
1588,cation: py-16 + anion: ntf2
1589,cation: py-1[4] + anion: hso4
1590,cation: py-1 + anion: so4-1
1591,cation: py-1ch + anion: ntf2
1592,"cation: py-1cn,1[2],1[5] + anion: ntf2"
1593,"cation: py-1cn,1[3] + anion: ntf2"
1594,"cation: py-1cn,1[4] + anion: ntf2"
1595,cation: py-1coo2 + anion: ntf2
1596,"cation: py-1o1,dma[4] + anion: ntf2"
1597,"cation: py-1o2,dma[4] + anion: ntf2"
1598,"cation: py-1o3,dma[4] + anion: ntf2"
1599,"cation: py-1o4,dma[4] + anion: ntf2"
1600,"cation: py-1o5,dma[4] + anion: ntf2"
1601,"cation: py-1o6,dma[4] + anion: ntf2"
1602,"cation: py-1o7,dma[4] + anion: ntf2"
1603,"cation: py-1o8,dma[4] + anion: ntf2"
1604,"cation: py-1o9,dma[4] + anion: ntf2"
1605,"cation: py-1ph,1[2] + anion: ntf2"
1606,"cation: py-1ph,1[3] + anion: ntf2"
1607,"cation: py-1ph,1[4] + anion: ntf2"
1608,cation: py-1ph + anion: ntf2
1609,"cation: py-2,1[2] + anion: ntf2"
1610,"cation: py-2,1[3] + anion: ntf2"
1611,"cation: py-2,1[3] + anion: so3-4[f]"
1612,"cation: py-2,1[3] + anion: so4-2"
1613,"cation: py-2,1[3] + anion: tfa-3[f]"
1614,"cation: py-2,1[4] + anion: ntf2"
1615,"cation: py-2,1[4] + anion: so3-4[f]"
1616,"cation: py-2,1[f][3] + anion: ntf2"
1617,"cation: py-2,1[f][4] + anion: ntf2"
1618,"cation: py-2,2[2] + anion: ntf2"
1619,"cation: py-2,2[2] + anion: so4-2"
1620,"cation: py-2,3[2] + anion: ntf2"
1621,"cation: py-2,4[2] + anion: ntf2"
1622,"cation: py-2,5[2] + anion: ntf2"
1623,"cation: py-2,6[2] + anion: ntf2"
1624,"cation: py-2,7[2] + anion: ntf2"
1625,"cation: py-2,8[2] + anion: ntf2"
1626,"cation: py-2,cn[2] + anion: ntf2"
1627,"cation: py-2,cn[2] + anion: so4-2"
1628,"cation: py-2,cn[3] + anion: ntf2"
1629,"cation: py-2,cn[3] + anion: so4-2"
1630,"cation: py-2,cn[4] + anion: ntf2"
1631,"cation: py-2,cn[4] + anion: so4-2"
1632,"cation: py-2,coo2[3] + anion: so4-2"
1633,cation: py-2 + anion: dca
1634,cation: py-2 + anion: fap
1635,cation: py-2 + anion: ntf2
1636,cation: py-2 + anion: otf
1637,"cation: py-2 + anion: so4-1,3[f],chf2"
1638,cation: py-2 + anion: so4-2
1639,cation: py-2cn + anion: ntf2
1640,cation: py-2o1 + anion: ntf2
1641,cation: py-2oh + anion: dca
1642,cation: py-2oh + anion: ntf2
1643,"cation: py-3,1[3] + anion: ntf2"
1644,"cation: py-3,1[3] + anion: pf6"
1645,cation: py-3 + anion: bf4
1646,cation: py-3 + anion: ntf2
1647,"cation: py-3cn,1[2],1[5] + anion: ntf2"
1648,"cation: py-3cn,1[2] + anion: ntf2"
1649,"cation: py-3cn,1[3] + anion: ntf2"
1650,"cation: py-3cn,1[4] + anion: ntf2"
1651,"cation: py-3cn,2[2] + anion: ntf2"
1652,"cation: py-3cn,2[4] + anion: ntf2"
1653,"cation: py-3cn,coo1[3] + anion: ntf2"
1654,cation: py-3cn + anion: dca
1655,cation: py-3cn + anion: ntf2
1656,cation: py-3oh + anion: ntf2
1657,"cation: py-4,1[2],1[3] + anion: ntf2"
1658,"cation: py-4,1[2] + anion: bf4"
1659,"cation: py-4,1[2] + anion: ntf2"
1660,"cation: py-4,1[3],1[5] + anion: ntf2"
1661,"cation: py-4,1[3] + anion: bf4"
1662,"cation: py-4,1[3] + anion: ccn3"
1663,"cation: py-4,1[3] + anion: dca"
1664,"cation: py-4,1[3] + anion: fap"
1665,"cation: py-4,1[3] + anion: ntf2"
1666,"cation: py-4,1[3] + anion: otf"
1667,"cation: py-4,1[3] + anion: tcb"
1668,"cation: py-4,1[3] + anion: tdi"
1669,"cation: py-4,1[4] + anion: alcl4"
1670,"cation: py-4,1[4] + anion: bf4"
1671,"cation: py-4,1[4] + anion: ccn3"
1672,"cation: py-4,1[4] + anion: ntf2"
1673,"cation: py-4,1[4] + anion: scn"
1674,"cation: py-4,cn[3] + anion: ntf2"
1675,"cation: py-4,cn[4] + anion: ntf2"
1676,"cation: py-4,coo4[3] + anion: ntf2"
1677,"cation: py-4,dma[4] + anion: ntf2"
1678,cation: py-4 + anion: al(ohfip)4
1679,cation: py-4 + anion: alcl4
1680,cation: py-4 + anion: bf4
1681,cation: py-4 + anion: dca
1682,cation: py-4 + anion: no3
1683,cation: py-4 + anion: ntf2
1684,cation: py-4 + anion: otf
1685,cation: py-4 + anion: scn
1686,"cation: py-4 + anion: so4-1,3[f],chf2"
1687,"cation: py-4i,1[3] + anion: ntf2"
1688,cation: py-4so3h + anion: hso4
1689,cation: py-4so3h + anion: otf
1690,cation: py-5 + anion: ntf2
1691,"cation: py-5cn,1[2] + anion: ntf2"
1692,"cation: py-5cn,1[3] + anion: ntf2"
1693,"cation: py-5cn,1[4] + anion: ntf2"
1694,cation: py-5cn + anion: ntf2
1695,"cation: py-6,1[3],1[5] + anion: ntf2"
1696,"cation: py-6,1[3],dma[4] + anion: ntf2"
1697,"cation: py-6,1[3] + anion: ntf2"
1698,"cation: py-6,1[4] + anion: alcl4"
1699,"cation: py-6,1[4] + anion: ntf2"
1700,"cation: py-6,2[2],1[3],1[5] + anion: ntf2"
1701,"cation: py-6,3[2],2[3],2[5] + anion: ntf2"
1702,"cation: py-6,cn[3] + anion: ntf2"
1703,"cation: py-6,cn[4] + anion: ntf2"
1704,"cation: py-6,dma[4] + anion: ntf2"
1705,cation: py-6 + anion: alcl4
1706,cation: py-6 + anion: bf4
1707,cation: py-6 + anion: ntf2
1708,cation: py-6 + anion: scn
1709,cation: py-7 + anion: ntf2
1710,"cation: py-8,1[2],1[3] + anion: ntf2"
1711,"cation: py-8,1[2] + anion: ntf2"
1712,"cation: py-8,1[3],1[5] + anion: ntf2"
1713,"cation: py-8,1[3] + anion: alcl4"
1714,"cation: py-8,1[3] + anion: bf4"
1715,"cation: py-8,1[3] + anion: ntf2"
1716,"cation: py-8,1[4] + anion: alcl4"
1717,"cation: py-8,1[4] + anion: bf4"
1718,"cation: py-8,1[4] + anion: ntf2"
1719,"cation: py-8,1[4] + anion: otf"
1720,"cation: py-8,cn[3] + anion: ntf2"
1721,"cation: py-8,cn[4] + anion: ntf2"
1722,cation: py-8 + anion: alcl4
1723,cation: py-8 + anion: bf4
1724,cation: py-8 + anion: ntf2
1725,cation: py-8 + anion: scn
1726,cation: py-[2o]21 + anion: cl
1727,cation: py-[2o]21 + anion: ntf2
1728,cation: py-[2o]31 + anion: cl
1729,cation: py-[2o]31 + anion: ntf2
1730,cation: py-[2o]41 + anion: cl
1731,"cation: py-moxm,1[2] + anion: ntf2"
1732,"cation: py-moxm,4t[3] + anion: ntf2"
1733,cation: py-moxm + anion: ntf2
1734,cation: py + anion: 1ac
1735,cation: py + anion: ac
1736,cation: py + anion: for
1737,cation: pyr-1(o)pyr + anion: ntf2
1738,"cation: pyr-1,1 + anion: im41"
1739,"cation: pyr-1,1 + anion: tsac"
1740,"cation: pyr-10,1 + anion: ntf2"
1741,cation: pyr-1 + anion: bf4
1742,cation: pyr-1 + anion: for
1743,cation: pyr-1 + anion: hso4
1744,"cation: pyr-1ch,1 + anion: ntf2"
1745,"cation: pyr-1dmsodmsph,1 + anion: ntf2"
1746,"cation: pyr-1o1,1 + anion: bf3-1[f]"
1747,"cation: pyr-1o1,1 + anion: bf3-2[f]"
1748,"cation: pyr-1o1,1 + anion: bf4"
1749,"cation: pyr-1o1,1 + anion: fsa"
1750,"cation: pyr-1o1,1 + anion: ntf2"
1751,"cation: pyr-1ph,1 + anion: ntf2"
1752,"cation: pyr-2,1 + anion: dca"
1753,"cation: pyr-2,1 + anion: po3h-2"
1754,"cation: pyr-2,1 + anion: so4-2"
1755,"cation: pyr-2o1,1 + anion: bf3-1[f]"
1756,"cation: pyr-2o1,1 + anion: bf3-2[f]"
1757,"cation: pyr-2o1,1 + anion: bf3-3[f]"
1758,"cation: pyr-2o1,1 + anion: bf3-4[f]"
1759,"cation: pyr-2o1,1 + anion: bf4"
1760,"cation: pyr-2o1,1 + anion: fap"
1761,"cation: pyr-2o1,1 + anion: fsa"
1762,"cation: pyr-2o1,1 + anion: im41"
1763,"cation: pyr-2o1,1 + anion: npf2"
1764,"cation: pyr-2o1,1 + anion: ntf2"
1765,"cation: pyr-2o1,1 + anion: ntfso2f"
1766,"cation: pyr-2o1,2o1 + anion: ntf2"
1767,"cation: pyr-2o1,2o2 + anion: ntf2"
1768,"cation: pyr-2o2,1 + anion: br"
1769,"cation: pyr-2o2,1 + anion: dca"
1770,"cation: pyr-2o2,1 + anion: ntf2"
1771,"cation: pyr-2oh,1 + anion: dca"
1772,"cation: pyr-2oh,1 + anion: ntf2"
1773,"cation: pyr-2ono2,1 + anion: dca"
1774,"cation: pyr-3(1[f]),1 + anion: ntf2"
1775,"cation: pyr-3,1 + anion: bf3-2[f]o1[f]"
1776,"cation: pyr-3,1 + anion: dca"
1777,"cation: pyr-3,1 + anion: fsa"
1778,"cation: pyr-3,1 + anion: im41"
1779,"cation: pyr-3,1 + anion: npf2"
1780,"cation: pyr-3,1 + anion: npfso2f"
1781,"cation: pyr-3,1 + anion: ntf2"
1782,"cation: pyr-3,1 + anion: ntfso2f"
1783,"cation: pyr-3,1 + anion: tfesi"
1784,"cation: pyr-3[oh]2,1 + anion: ntf2"
1785,"cation: pyr-3cn,1 + anion: scn"
1786,"cation: pyr-3oh,1 + anion: ntf2"
1787,"cation: pyr-3oh,1 + anion: scn"
1788,"cation: pyr-4,1 + anion: ac"
1789,"cation: pyr-4,1 + anion: al(ohfip)4"
1790,"cation: pyr-4,1 + anion: bf3-1[f]"
1791,"cation: pyr-4,1 + anion: bf3-2[f]"
1792,"cation: pyr-4,1 + anion: ccn3"
1793,"cation: pyr-4,1 + anion: dca"
1794,"cation: pyr-4,1 + anion: fap"
1795,"cation: pyr-4,1 + anion: fpi"
1796,"cation: pyr-4,1 + anion: fsa"
1797,"cation: pyr-4,1 + anion: im41"
1798,"cation: pyr-4,1 + anion: nms2"
1799,"cation: pyr-4,1 + anion: npf2"
1800,"cation: pyr-4,1 + anion: ntf2"
1801,"cation: pyr-4,1 + anion: ntfso2f"
1802,"cation: pyr-4,1 + anion: otf"
1803,"cation: pyr-4,1 + anion: po3h-4"
1804,"cation: pyr-4,1 + anion: scn"
1805,"cation: pyr-4,1 + anion: so4-2"
1806,"cation: pyr-4,1 + anion: so4-4"
1807,"cation: pyr-4,1 + anion: tcb"
1808,"cation: pyr-4,2 + anion: so4-2"
1809,cation: pyr-4 + anion: ntf2
1810,"cation: pyr-4i,1 + anion: ntf2"
1811,"cation: pyr-5,1 + anion: ntf2"
1812,"cation: pyr-6,1 + anion: dca"
1813,"cation: pyr-6,1 + anion: ntf2"
1814,"cation: pyr-6,1 + anion: po3h-6"
1815,"cation: pyr-6nh2,1 + anion: fap"
1816,"cation: pyr-7,1 + anion: ntf2"
1817,"cation: pyr-8,1 + anion: ntf2"
1818,"cation: pyr-8,1 + anion: po3h-8"
1819,"cation: pyr-[2o]21,1 + anion: ntf2"
1820,"cation: pyr-[2o]21,[2o]21 + anion: ntf2"
1821,"cation: pyr-a,1 + anion: dca"
1822,"cation: pyr-a,1 + anion: no3"
1823,"cation: pyr-a,1 + anion: ntf2"
1824,"cation: pyr-a,1 + anion: scn"
1825,"cation: pyr-a,a + anion: ntf2"
1826,cation: pyr-coo1[2] + anion: no3
1827,cation: pyr + anion: 4ac
1828,cation: pyr + anion: 6ac
1829,cation: pyr + anion: 7ac
1830,cation: pyr + anion: ac
1831,cation: pyr + anion: for
1832,cation: pyr + anion: hso4
1833,cation: pyr + anion: no3
1834,cation: pyr + anion: ntf2
1835,"cation: pyr + anion: po2-o4,o4"
1836,cation: pyr + anion: sac
1837,cation: pyr + anion: tfa-2[f]
1838,cation: pyr + anion: tfa
1839,"cation: pyrl-1,o2 + anion: ntf2"
1840,"cation: pyrl-1,o2 + anion: otf"
1841,"cation: pyrl-2,o1 + anion: ntf2"
1842,"cation: pyrl-2,o1 + anion: otf"
1843,"cation: pyrl-2,o2 + anion: ntf2"
1844,"cation: pyrl-2,o2 + anion: otf"
1845,cation: pyrl-3 + anion: ntf2
1846,cation: pyrl-4 + anion: ntf2
1847,"cation: pyrro-1,1 + anion: br"
1848,"cation: pyrro-10,1 + anion: br"
1849,"cation: pyrro-12,1 + anion: br"
1850,"cation: pyrro-14,1 + anion: br"
1851,"cation: pyrro-16,1 + anion: br"
1852,"cation: pyrro-18,1 + anion: br"
1853,cation: pyrro-1 + anion: 1ac
1854,cation: pyrro-1 + anion: 2ac
1855,cation: pyrro-1 + anion: 3ac
1856,cation: pyrro-1 + anion: 4ac
1857,cation: pyrro-1 + anion: ac
1858,cation: pyrro-1 + anion: bf4
1859,cation: pyrro-1 + anion: for
1860,"cation: pyrro-1epoxy,1 + anion: ac"
1861,"cation: pyrro-1epoxy,1 + anion: cl"
1862,cation: pyrro + anion: 4ac
1863,cation: pyrro + anion: ac
1864,cation: pyrro + anion: bf4
1865,cation: pyrro + anion: for
1866,cation: pyrro + anion: tfa-2[f]
1867,cation: pyrro + anion: tfa
1868,"cation: pz-2,1 + anion: dca"
1869,"cation: pz-2o1,1,1[3],1[5] + anion: ntf2"
1870,"cation: pz-2o1,1 + anion: dca"
1871,"cation: pz-2o1,2,1[3],1[5] + anion: ntf2"
1872,"cation: pz-2o1,2 + anion: dca"
1873,"cation: pz-2o2,1 + anion: dca"
1874,"cation: pz-2o2,2 + anion: dca"
1875,"cation: pz-3,1,1[3],1[5] + anion: ntf2"
1876,"cation: pz-4,1,1[3],1[5] + anion: dca"
1877,"cation: pz-4,1,1[3],1[5] + anion: ntf2"
1878,"cation: pz-4,1 + anion: dca"
1879,"cation: pz-4,1 + anion: ntf2"
1880,"cation: pz-ph,1,1[3],1[5] + anion: so3-1"
1881,"cation: pz-ph,4,1[3],1[5] + anion: so3-1"
1882,"cation: pz-ph,5,1[3],1[5] + anion: bf4"
1883,"cation: pz-ph,5,1[3],1[5] + anion: so3-1"
1884,"cation: pz-ph,6,1[3],1[5] + anion: bf4"
1885,"cation: pz-ph,6,1[3],1[5] + anion: so3-1"
1886,"cation: pz-ph,7,1[3],1[5] + anion: so3-1"
1887,"cation: qu-1,1 + anion: ntf2"
1888,"cation: qu-2,2 + anion: ntf2"
1889,cation: quin-6 + anion: ntf2
1890,cation: quini-18 + anion: tfpb
1891,cation: quini-4 + anion: ntf2
1892,cation: quini-6 + anion: scn
1893,cation: quini-8 + anion: fsa
1894,cation: quini-8 + anion: ntf2
1895,cation: quini-8 + anion: scn
1896,"cation: s-1,1,1 + anion: dca"
1897,"cation: s-1,1,1 + anion: ntf2"
1898,"cation: s-1cch,1,1 + anion: ntf2"
1899,"cation: s-1coo2,1,1 + anion: ntf2"
1900,"cation: s-2,1,1 + anion: dca"
1901,"cation: s-2,1,1 + anion: ntf2"
1902,"cation: s-2,2,1 + anion: dca"
1903,"cation: s-2,2,1 + anion: ntf2"
1904,"cation: s-2,2,2 + anion: c1c2"
1905,"cation: s-2,2,2 + anion: dca"
1906,"cation: s-2,2,2 + anion: ntf2"
1907,"cation: s-2,2,2 + anion: tsac"
1908,"cation: s-3,1,1 + anion: ntf2"
1909,"cation: s-3,2,1 + anion: ntf2"
1910,"cation: s-3,2,2 + anion: ntf2"
1911,"cation: s-3,3,1 + anion: dca"
1912,"cation: s-3,3,2 + anion: dca"
1913,"cation: s-4,1,1 + anion: ntf2"
1914,"cation: s-4,2,1 + anion: ntf2"
1915,"cation: s-4,2,2 + anion: ntf2"
1916,"cation: s-4,4,1 + anion: dca"
1917,"cation: s-4,4,2 + anion: dca"
1918,"cation: s-4,4,4 + anion: ntf2"
1919,"cation: s-5,1,1 + anion: ntf2"
1920,"cation: s-5,2,1 + anion: ntf2"
1921,"cation: s-5,2,2 + anion: ntf2"
1922,"cation: tetraz-1,s2[5] + anion: po2-o2,o2"
1923,cation: tht-1 + anion: dca
1924,cation: tht-2 + anion: dca
1925,cation: tht-2 + anion: no3
1926,cation: tht-3 + anion: ntf2
1927,cation: tht-4 + anion: dca
1928,cation: tht-4 + anion: ntf2
1929,cation: tht-5 + anion: ntf2
1930,cation: thtp-3 + anion: ntf2
1931,cation: thtp-4 + anion: ntf2
1932,cation: thtp-5 + anion: ntf2
1933,"cation: thz-1coo2,1[4] + anion: ntf2"
1934,"cation: thz-1ph,1[4] + anion: ntf2"
1935,"cation: thz-1ph,2oh[5],1[4] + anion: ntf2"
1936,"cation: thz-2,2oh[5],1[4] + anion: ntf2"
1937,"cation: thz-2oh,1[4] + anion: ntf2"
1938,"cation: thz-4,1[4] + anion: ntf2"
1939,"cation: trz123-10,1 + anion: ntf2"
1940,"cation: trz123-12,1 + anion: ntf2"
1941,"cation: trz123-4,1 + anion: ntf2"
1942,"cation: trz123-6,1 + anion: ntf2"
1943,"cation: trz123-8,1 + anion: ntf2"
1944,"cation: trz124-10,1 + anion: ntf2"
1945,"cation: trz124-12,1 + anion: ntf2"
1946,"cation: trz124-2,1 + anion: ntf2"
1947,"cation: trz124-3,1 + anion: bf4"
1948,"cation: trz124-3,1 + anion: i"
1949,"cation: trz124-3,1 + anion: no3"
1950,"cation: trz124-3,1 + anion: ntf2"
1951,"cation: trz124-3,1 + anion: otf"
1952,"cation: trz124-3,1 + anion: so3-1"
1953,"cation: trz124-3,1 + anion: so3-ph1"
1954,"cation: trz124-4,1 + anion: ntf2"
1955,"cation: trz124-4so3h,5 + anion: otf"
1956,"cation: trz124-4so3h,5 + anion: tfa"
1957,"cation: trz124-6,1 + anion: ntf2"
1958,"cation: trz124-8,1 + anion: ntf2"
1959,"cation: turea-2,(1,0),(1,0) + anion: so4-2"
1960,"cation: turea-2,(2,0),(2,0) + anion: ntf2"
1961,"cation: turea-2,(2,0),(2,0) + anion: so4-2"
1962,cation: turea-2 + anion: so4-2
1963,"cation: turea-4,(1,0),(1,0) + anion: ntf2"
1964,"cation: turea-4,(1,1),(1,1) + anion: ntf2"
1965,"cation: turea-4,(2,0),(2,0) + anion: ntf2"
1966,cation: turea-4 + anion: ntf2
1967,"cation: turea-6,(1,0),(1,0) + anion: ntf2"
1968,"cation: turea-6,(1,1),(1,1) + anion: ntf2"
1969,cation: turea-6 + anion: ntf2
1970,"cation: turea-8,(1,0),(1,0) + anion: ntf2"
1971,"cation: turea-8,(1,1),(1,1) + anion: ntf2"
1972,"cation: turea-8,(2,0),(2,0) + anion: ntf2"
1973,cation: turea-8 + anion: ntf2
