IL ID,Label,Viscosity Group
1,"azp-2o1,1 + ntf2",L
2,"azp-2o1,1 + otf",H
3,"azp-2o1,1 + tfa",H
4,"azp-2o1,2o1 + ntf2",H
5,"azp-4,1 + ntf2",H
6,"azp-6,1 + ntf2",H
7,"azp-[2o]21,1 + ntf2",L
8,"azp-[2o]21,1 + otf",H
9,"azp-[2o]21,1 + tfa",H
10,"azp-[2o]21,[2o]21 + ntf2",H
11,"bim-4,2 + h2po4",H
12,"bthz-s2[2] + po2-o2,o2",L
13,"cap-1,o2 + ntf2",L
14,"cap-1,o2 + otf",L
15,"cguad-(2,1),1,1 + ntf2",L
16,"cguad-(2,2),1,1 + ntf2",L
17,"cguad-(3,1),1,1 + ntf2",L
18,"cprop-(n-10,10),(n-10,10),(n-10,10) + dca",H
19,"cprop-(n-10,10),(n-10,10),(n-10,10) + ntf2",H
20,"cprop-(n-2,1),(n-1,1),(n-1,1) + ntf2",L
21,"cprop-(n-2,1),(n-2,1),(n-2,1) + ntf2",L
22,"cprop-(n-2,2),(n-1,1),(n-1,1) + ntf2",L
23,"cprop-(n-2,2),(n-2,2),(n-1,1) + dca",L
24,"cprop-(n-2,2),(n-2,2),(n-1,1) + ntf2",L
25,"cprop-(n-2,2),(n-2,2),(n-2,2) + dca",L
26,"cprop-(n-2,2),(n-2,2),(n-2,2) + ntf2",L
27,"cprop-(n-3,1),(n-1,1),(n-1,1) + dca",L
28,"cprop-(n-3,1),(n-1,1),(n-1,1) + ntf2",L
29,"cprop-(n-3,3),(n-1,1),(n-1,1) + ntf2",L
30,"cprop-(n-3,3),(n-3,3),(n-3,3) + dca",L
31,"cprop-(n-3,3),(n-3,3),(n-3,3) + ntf2",H
32,"cprop-(n-4,1),(n-1,1),(n-1,1) + dca",L
33,"cprop-(n-4,1),(n-1,1),(n-1,1) + ntf2",L
34,"cprop-(n-4,1),(n-2,2),(n-2,2) + dca",L
35,"cprop-(n-4,1),(n-2,2),(n-2,2) + ntf2",L
36,"cprop-(n-4,1),(n-4,1),(n-4,1) + dca",L
37,"cprop-(n-4,1),(n-4,1),(n-4,1) + ntf2",L
38,"cprop-(n-4,4),(n-1,1),(n-1,1) + ntf2",L
39,"cprop-(n-4,4),(n-2,2),(n-2,2) + dca",L
40,"cprop-(n-4,4),(n-2,2),(n-2,2) + ntf2",L
41,"cprop-(n-4,4),(n-4,4),(n-4,4) + dca",H
42,"cprop-(n-4,4),(n-4,4),(n-4,4) + ntf2",H
43,"cprop-(n-5,5),(n-5,5),(n-5,5) + dca",H
44,"cprop-(n-5,5),(n-5,5),(n-5,5) + ntf2",H
45,"cprop-(n-6,1),(n-1,1),(n-1,1) + ntf2",L
46,"cprop-(n-6,1),(n-2,2),(n-2,2) + dca",L
47,"cprop-(n-6,1),(n-2,2),(n-2,2) + ntf2",L
48,"cprop-(n-6,6),(n-1,1),(n-1,1) + ntf2",L
49,"cprop-(n-6,6),(n-2,2),(n-2,2) + dca",L
50,"cprop-(n-6,6),(n-2,2),(n-2,2) + ntf2",L
51,"cprop-(n-6,6),(n-6,6),(n-6,6) + dca",H
52,"cprop-(n-6,6),(n-6,6),(n-6,6) + ntf2",H
53,dabco-6 + ntf2,L
54,dbu-10 + dca,H
55,dbu-10 + scn,H
56,dbu-14 + dca,H
57,dbu-2 + dca,L
58,dbu-4 + dca,H
59,dbu-4 + imidazolide,L
60,dbu-6 + dca,H
61,dbu-6 + scn,H
62,dbu-8 + dca,H
63,dbu-8 + scn,H
64,dbu + ac,L
65,dbu + imidazolide,L
66,dbu + otf,H
67,dbu + so3-1,H
68,dbu + tfa,H
69,epslac + 4ac,L
70,epslac + ac,L
71,epslac + bf4,H
72,epslac + for,L
73,epslac + tfa,L
74,"guad-(1,1),(1,1),(1,1) + la",H
75,"guad-(1,1),(1,1),2 + ntf2",L
76,"guad-(1,1),(1,1),2 + so4-2",H
77,"guad-(1,1),(1,1) + imidazolide",L
78,"guad-(1,1),(1,1) + phen",L
79,"guad-(1,1),(1,1) + tfe",L
80,"guad-(2,1),(1,1),(1,1) + ntf2",L
81,"guad-(2,2),(1,1),(1,1) + ntf2",L
82,"guad-(2,2),(1,1),(1,1) + so4-2",L
83,"guad-(2o1,2o1),(1,1),(1,1) + ntf2",L
84,"guad-(2o2,2o1),(1,1),(1,1) + ntf2",L
85,"guad-(3,1),(1,1),(1,1) + ntf2",L
86,"guad-(3,2),(1,1),(1,1) + ntf2",L
87,"guad-(3,3),(1,1),(1,1) + ntf2",L
88,"guad-(4,1),(1,1),(1,1) + ntf2",L
89,"guad-(4,2),(1,1),(1,1) + ntf2",L
90,"guad-(4,3),(1,1),(1,1) + ntf2",L
91,"guad-(4,4),(1,1),(1,1) + ntf2",L
92,"guad-(6,6),(1,1),(1,1) + ccn3",L
93,"guad-(6,6),(6,6),(1,1) + dca",H
94,"guad-(6,6),(6,6),(1,1) + ntf2",H
95,"guad-(6,6),(6,6),(1,1) + otf",L
96,"guad-(6,6),(6,6),(1,1) + sac",H
97,"guad-(6,6),(6,6),(1,1) + so3-ph1",H
98,"guad-(6,6),(6,6),(1,1) + tfa",L
99,"im-1(1[f]),1 + ntf2",H
100,"im-1(chbr,ch2br),(chbr,ch2br) + ntf2",H
101,"im-1(chbr,ch2br),1(chbr,ch2br) + ntf2",H
102,"im-1(chbr,ch2br),1,br[4],br[5] + ntf2",H
103,"im-1(chbr,ch2br),1 + ntf2",L
104,"im-1,1,1o2 + ntf2",L
105,"im-1,1,1o3 + ntf2",L
106,"im-1,1[2] + ntf2",L
107,"im-1,1 + bf3-1[f]",L
108,"im-1,1 + bf3-2[f]",L
109,"im-1,1 + bf3-3[f]",L
110,"im-1,1 + dca",L
111,"im-1,1 + ntf2",L
112,"im-1,1 + po2-o1,o1",H
113,"im-1,1 + so4-1",L
114,"im-1,s2[2] + ntf2",L
115,"im-1,s2[2] + otf",L
116,"im-1,s2[2] + pf6",H
117,"im-1,s4[2] + ntf2",L
118,"im-1,s4[2] + otf",L
119,"im-1,s4[2] + po2-o4,o4",L
120,"im-10,1,1 + ntf2",L
121,"im-10,10 + ac",H
122,"im-10,10 + no3",H
123,"im-10,10 + ntf2",H
124,"im-10,10 + po2-o8i,o8i",H
125,"im-10,1 + al(ohfip)4",L
126,"im-10,1 + bf4",H
127,"im-10,1 + cl",H
128,"im-10,1 + dca",L
129,"im-10,1 + fpi",H
130,"im-10,1 + npf2",H
131,"im-10,1 + ntf2",H
132,"im-10,1 + otf",L
133,"im-10,1 + phen",H
134,"im-10,1 + sac",H
135,"im-10,1 + scn",H
136,"im-10,1 + so3-4[f]",H
137,"im-10,1 + tcb",H
138,"im-11,1 + ntf2",H
139,"im-12,12 + ntf2",L
140,"im-12,1 + ntf2",H
141,"im-12,1 + so3-4[f]",H
142,"im-14,1 + ntf2",L
143,"im-16,1 + ntf2",L
144,"im-18,1 + fpi",H
145,im-1 + ac,L
146,im-1 + hso4,H
147,im-1 + npf2,H
148,im-1 + ntf2,L
149,"im-1cch,1 + bf3-3icn",L
150,"im-1cch,1 + ntf2",L
151,"im-1cch,1cch + bf3-3icn",H
152,"im-1ch,1 + ntf2",H
153,"im-1cn,1 + ntf2",H
154,"im-1conh4,2 + ntf2",H
155,"im-1coo2,1 + ntf2",L
156,"im-1coo2,1 + scn",H
157,"im-1cooh,1 + bf4",L
158,"im-1cooh,1 + pf6",L
159,"im-1cp,1 + ntf2",L
160,"im-1dmsodmsph,1 + ntf2",L
161,"im-1dmsodphs1,1 + ntf2",H
162,"im-1dmsotms,1 + ntf2",H
163,"im-1dmsph,1 + ntf2",H
164,"im-1o1,1,1 + ntf2",L
165,"im-1o1,1,2 + ntf2",L
166,"im-1o1,1 + bf3-1[f]",L
167,"im-1o1,1 + bf3-2[f]",L
168,"im-1o1,1 + ntf2",L
169,"im-1o1,2,2 + ntf2",L
170,"im-1o1,2 + ntf2",L
171,"im-1o1,3,1 + ntf2",L
172,"im-1o1,3,2 + ntf2",L
173,"im-1o1,3 + ntf2",L
174,"im-1o1,4,1 + ntf2",L
175,"im-1o1,4,2 + ntf2",L
176,"im-1o1,4 + ntf2",L
177,"im-1o2,1 + ntf2",L
178,"im-1o2,2 + ntf2",L
179,"im-1o2,3 + ntf2",L
180,"im-1o2,4 + ntf2",L
181,"im-1o3,1o3 + bf4",L
182,"im-1o3,1o3 + ntf2",L
183,"im-1o4,1o4 + bf4",H
184,"im-1o4,1o4 + ntf2",L
185,"im-1o5,1o5 + bf4",H
186,"im-1o5,1o5 + ntf2",L
187,"im-1o6,1o6 + ntf2",L
188,"im-1o7,1o7 + ntf2",L
189,"im-1o8,1o8 + ntf2",L
190,"im-1ph,1[2] + npf2",L
191,"im-1ph,1[2] + ntf2",L
192,"im-1ph,1 + alcl4",L
193,"im-1ph,1 + cl",H
194,"im-1ph,1 + dca",L
195,"im-1ph,1 + ntf2",L
196,"im-1ph,1 + sac",H
197,"im-1ph,1 + so4-1",H
198,"im-1ph,1ph + dca",H
199,"im-1ph,1ph + scn",H
200,"im-1tms,1,1 + ntf2",H
201,"im-1tms,1,1o4 + ntf2",H
202,"im-1tms,1 + ntf2",H
203,"im-2(2[f]),1 + ntf2",H
204,"im-2(4[f]),1 + ntf2",H
205,"im-2(6[f]),1 + ntf2",H
206,"im-2(cfbr,cf2br),1(chbr,ch2br) + ntf2",H
207,"im-2(cfbr,cf2br),1 + ntf2",L
208,"im-2,1,1[5] + ntf2",L
209,"im-2,1,1[5] + otf",L
210,"im-2,1,1 + al(ohfip)4",L
211,"im-2,1,1 + h2po4",L
212,"im-2,1,1 + hso4",H
213,"im-2,1,1 + ntf2",L
214,"im-2,1,1 + ph-coo[1],oh[2]",H
215,"im-2,1,1o2 + ntf2",L
216,"im-2,1,1o3 + ntf2",L
217,"im-2,1,s1 + ntf2",L
218,"im-2,1,s3 + ntf2",L
219,"im-2,1,s3i + ntf2",L
220,"im-2,1,s8 + ntf2",L
221,"im-2,1D + fap",L
222,"im-2,1D + so4-1D",L
223,"im-2,1D + tcb",L
224,"im-2,1[2] + bf4",L
225,"im-2,1[2] + npf2",L
226,"im-2,1[2] + ntf2",L
227,"im-2,1 + ac",H
228,"im-2,1 + al(ohfip)4",L
229,"im-2,1 + al2cl7",L
230,"im-2,1 + ala",H
231,"im-2,1 + alcl4",L
232,"im-2,1 + bcn3-1[f]",L
233,"im-2,1 + bcn3-2[f]",L
234,"im-2,1 + bf2cn-1[f]",L
235,"im-2,1 + bf2cn-2[f]",L
236,"im-2,1 + bf2cn-3[f]",L
237,"im-2,1 + bf2cn-4[f]",L
238,"im-2,1 + bf2cn2",L
239,"im-2,1 + bf2ox",H
240,"im-2,1 + bf3-1",L
241,"im-2,1 + bf3-1[f]",L
242,"im-2,1 + bf3-2",L
243,"im-2,1 + bf3-2[f]",L
244,"im-2,1 + bf3-2[f]o1[f]",L
245,"im-2,1 + bf3-3",L
246,"im-2,1 + bf3-3[f]",L
247,"im-2,1 + bf3-4",L
248,"im-2,1 + bf3-4[f]",L
249,"im-2,1 + bf3-5",L
250,"im-2,1 + bf3-v",L
251,"im-2,1 + bf3cn",L
252,"im-2,1 + bf4",L
253,"im-2,1 + bfcn2-1[f]",L
254,"im-2,1 + bfcn2-2[f]",L
255,"im-2,1 + bfcn3",L
256,"im-2,1 + c1c2",L
257,"im-2,1 + ccn3",L
258,"im-2,1 + cl",L
259,"im-2,1 + conco4",L
260,"im-2,1 + coscn4",H
261,"im-2,1 + dca",L
262,"im-2,1 + fap",L
263,"im-2,1 + fecl4",L
264,"im-2,1 + fpi",L
265,"im-2,1 + fsa",L
266,"im-2,1 + fso3",L
267,"im-2,1 + gacl4",L
268,"im-2,1 + gly",L
269,"im-2,1 + hso4",H
270,"im-2,1 + im41",L
271,"im-2,1 + imidazolide",L
272,"im-2,1 + moof5",L
273,"im-2,1 + nbf6",L
274,"im-2,1 + nms2",H
275,"im-2,1 + npf2",L
276,"im-2,1 + npfso2f",L
277,"im-2,1 + ntf2",L
278,"im-2,1 + otf",L
279,"im-2,1 + pf6",L
280,"im-2,1 + ph-coo[1],oh[2]",H
281,"im-2,1 + phen",L
282,"im-2,1 + po2-1,o1",H
283,"im-2,1 + po2-o1,o1",H
284,"im-2,1 + po2-o2,o2",H
285,"im-2,1 + pro",H
286,"im-2,1 + sbf6",L
287,"im-2,1 + scn",L
288,"im-2,1 + ser",H
289,"im-2,1 + so3-1",H
290,"im-2,1 + so3-2[f]",L
291,"im-2,1 + so3-4[f]",H
292,"im-2,1 + so4-1,3[f],chf2",L
293,"im-2,1 + so4-1",L
294,"im-2,1 + so4-2",H
295,"im-2,1 + so4-4",H
296,"im-2,1 + so4-6",H
297,"im-2,1 + so4-8",H
298,"im-2,1 + taf6",L
299,"im-2,1 + tau",H
300,"im-2,1 + tca-1",L
301,"im-2,1 + tca-1cn",H
302,"im-2,1 + tca-o1",L
303,"im-2,1 + tca",L
304,"im-2,1 + tcb",L
305,"im-2,1 + tetrazolide",L
306,"im-2,1 + tfa-2[f]",L
307,"im-2,1 + tfa-3[f]",L
308,"im-2,1 + tfa",L
309,"im-2,1 + tfes",L
310,"im-2,1 + tfesi",L
311,"im-2,1 + triazolide",L
312,"im-2,1 + tsac",L
313,"im-2,1 + wf7",L
314,"im-2,1 + wof5",L
315,"im-2,1o2,1 + ntf2",H
316,"im-2,2,1[5] + ntf2",L
317,"im-2,2,1 + ntf2",L
318,"im-2,2,1o2 + ntf2",L
319,"im-2,2,1o3 + ntf2",L
320,"im-2,2 + ntf2",L
321,"im-2,2 + otf",L
322,"im-2,2 + po2-o2,o2",H
323,"im-2,2 + so3-ph1",H
324,"im-2,2 + tfa",L
325,"im-2D,1D + fap",L
326,"im-2D,1D + so4-1D",L
327,"im-2D,1 + fap",L
328,im-2 + ac,L
329,im-2 + bf4,L
330,im-2 + clo4,L
331,im-2 + npf2,L
332,im-2 + ntf2,L
333,im-2 + otf,L
334,im-2 + pf6,H
335,im-2 + so3-1,H
336,"im-2ch,1 + ntf2",H
337,"im-2cl,1 + dca",L
338,"im-2cn,10 + behss",H
339,"im-2cn,10 + br",H
340,"im-2cn,10 + sba",H
341,"im-2cn,10 + so4-12",H
342,"im-2cn,1 + bf4",L
343,"im-2cn,1ph + cl",H
344,"im-2cn,2o2 + dca",H
345,"im-2cn,2o2 + ntf2",H
346,"im-2cn,2o2 + tfa",H
347,"im-2cn,2oh + cl",H
348,"im-2cn,4 + behss",H
349,"im-2cn,4 + br",H
350,"im-2cn,4 + bs",H
351,"im-2cn,4 + cl",H
352,"im-2cn,4 + otf",H
353,"im-2cn,4 + so4-12",H
354,"im-2cn,6 + behss",H
355,"im-2cn,6 + br",H
356,"im-2cn,6 + bs",H
357,"im-2cn,6 + cl",H
358,"im-2cn,6 + otf",H
359,"im-2cn,6 + sba",H
360,"im-2cn,6 + so4-12",H
361,"im-2cn,8 + br",H
362,"im-2cn,8 + cl",H
363,"im-2cn,a + cl",H
364,im-2cn + 1ac,L
365,im-2cn + 2ac,L
366,im-2cn + 4ac,L
367,im-2cn + ac,L
368,im-2cn + for,L
369,im-2cn + hso4,H
370,im-2cn + so3-ph1,H
371,"im-2cp,1 + ntf2",L
372,"im-2dp,4 + bf4",L
373,"im-2dp,4 + pf6",H
374,"im-2dp,6 + bf4",H
375,"im-2dp,6 + pf6",H
376,"im-2dp,8 + bf4",H
377,"im-2dp,8 + pf6",H
378,"im-2nh2,1 + bf4",L
379,"im-2nh2,1 + dca",L
380,"im-2nh2,1 + ntf2",L
381,"im-2nh2,1 + otf",L
382,"im-2nh2,1 + pf6",H
383,"im-2o1,1,1 + ntf2",L
384,"im-2o1,1,1o2 + ntf2",L
385,"im-2o1,1,1o3 + ntf2",L
386,"im-2o1,1,2 + ntf2",L
387,"im-2o1,1 + bf3-1[f]",L
388,"im-2o1,1 + bf3-2[f]",L
389,"im-2o1,1 + bf4",L
390,"im-2o1,1 + ntf2",L
391,"im-2o1,1 + otf",L
392,"im-2o1,1 + pf6",L
393,"im-2o1,1 + po2-o1,o1",H
394,"im-2o1,1 + so3-1",H
395,"im-2o1,1o1,1 + ntf2",L
396,"im-2o1,1o1,2 + ntf2",L
397,"im-2o1,1o1 + ntf2",L
398,"im-2o1,1o2 + ntf2",L
399,"im-2o1,2,1 + ntf2",L
400,"im-2o1,2,1o2 + ntf2",L
401,"im-2o1,2,1o3 + ntf2",L
402,"im-2o1,2,2 + ntf2",L
403,"im-2o1,2 + ntf2",L
404,"im-2o1,2o1,2 + ntf2",L
405,"im-2o1,2o1 + ntf2",L
406,"im-2o1,3,1 + ntf2",L
407,"im-2o1,3,2 + ntf2",L
408,"im-2o1,3 + ntf2",L
409,"im-2o1,4,1 + ntf2",L
410,"im-2o1,4,2 + ntf2",L
411,"im-2o1,4 + ntf2",L
412,"im-2o1,5,1 + ntf2",L
413,"im-2o1,5,2 + ntf2",L
414,"im-2o2,1,1 + ntf2",L
415,"im-2o2,1,1o2 + ntf2",L
416,"im-2o2,1,1o3 + ntf2",L
417,"im-2o2,1,2 + ntf2",L
418,"im-2o2,1 + cl",H
419,"im-2o2,1 + ntf2",L
420,"im-2o2,1o1,1 + ntf2",L
421,"im-2o2,1o1,2 + ntf2",L
422,"im-2o2,1o1 + ntf2",L
423,"im-2o2,1o2 + ntf2",L
424,"im-2o2,2,1 + ntf2",L
425,"im-2o2,2,1o2 + ntf2",L
426,"im-2o2,2,1o3 + ntf2",L
427,"im-2o2,2,2 + ntf2",L
428,"im-2o2,2 + ntf2",L
429,"im-2o2,2o1,1 + ntf2",L
430,"im-2o2,2o1,2 + ntf2",L
431,"im-2o2,2o1 + ntf2",L
432,"im-2o2,2o2,1 + ntf2",L
433,"im-2o2,2o2,2 + ntf2",L
434,"im-2o2,2o2 + ntf2",L
435,"im-2o2,3,1 + ntf2",L
436,"im-2o2,3,2 + ntf2",L
437,"im-2o2,3 + ntf2",L
438,"im-2o2,4,1 + ntf2",L
439,"im-2o2,4,2 + ntf2",L
440,"im-2o2,4 + ntf2",L
441,"im-2o2,5,1 + ntf2",L
442,"im-2o2,5,2 + ntf2",L
443,"im-2o2oh,1 + cl",H
444,"im-2oh,1 + bf4",L
445,"im-2oh,1 + dca",L
446,"im-2oh,1 + fap",H
447,"im-2oh,1 + imidazolide",H
448,"im-2oh,1 + ntf2",H
449,"im-2oh,1 + pf6",L
450,"im-2ono2,1 + dca",L
451,"im-2ph,1 + alcl4",L
452,"im-2ph,1 + ntf2",H
453,"im-2v,1,1 + pyrazolide-no2[4]",H
454,"im-3,1,1 + bf4",H
455,"im-3,1,1 + ctf3",H
456,"im-3,1,1 + hso4",H
457,"im-3,1,1 + ntf2",L
458,"im-3,1,1 + pyrazolide-no2[4]",H
459,"im-3,1,1o2 + ntf2",L
460,"im-3,1,1o3 + ntf2",L
461,"im-3,1,1o4 + ntf2",L
462,"im-3,1,cn + ntf2",H
463,"im-3,1 + alcl4",L
464,"im-3,1 + bf3-1[f]",L
465,"im-3,1 + bf3-2[f]",L
466,"im-3,1 + bf3-3[f]",L
467,"im-3,1 + bf3-4[f]",L
468,"im-3,1 + bf4",L
469,"im-3,1 + h2po4",L
470,"im-3,1 + hco3",L
471,"im-3,1 + i",H
472,"im-3,1 + no3",L
473,"im-3,1 + npf2",L
474,"im-3,1 + ntf2",L
475,"im-3,1 + pf6",L
476,"im-3,1 + scn",L
477,"im-3,2,1o2 + ntf2",L
478,"im-3,2,1o3 + ntf2",L
479,"im-3,2 + ntf2",L
480,"im-3,3 + ntf2",L
481,"im-3ch,1 + ntf2",H
482,"im-3cn,1,1 + dca",H
483,"im-3cn,1,1 + ntf2",H
484,"im-3cn,1 + bf3-3icn",L
485,"im-3cn,1 + bf4",H
486,"im-3cn,1 + dca",H
487,"im-3cn,1 + ntf2",H
488,"im-3cn,3cn + bf3-3icn",H
489,"im-3cooh,1 + bf3-3icn",H
490,"im-3dp,4 + bf4",H
491,"im-3dp,4 + pf6",H
492,"im-3dp,6 + bf4",H
493,"im-3dp,6 + pf6",H
494,"im-3dp,8 + bf4",H
495,"im-3dp,8 + pf6",H
496,"im-3i,1 + ntf2",L
497,"im-3nh1phen,4 + ntf2",H
498,"im-3nh1phen,4 + pf6",H
499,"im-3nh2,1 + imidazolide",L
500,"im-3o1,1 + bf4",L
501,"im-3o1,1 + pf6",L
502,"im-3o1,2o1,1 + ntf2",L
503,"im-3o1,2o1,2 + ntf2",L
504,"im-3o1,2o2,1 + ntf2",L
505,"im-3o1,2o2,2 + ntf2",L
506,"im-3oh,1 + cl",H
507,"im-3oh,2 + cl",H
508,"im-3oh[2],1 + cl",H
509,"im-3oh[2],1 + no3",H
510,"im-3oh[2],1 + ntf2",H
511,"im-3oh[2],1 + pf6",H
512,"im-3ph,1 + ntf2",H
513,"im-3so3h,1[2] + camphorsulfonate",H
514,"im-3so3h,1 + camphorsulfonate",H
515,"im-3so3h,2[2] + camphorsulfonate",H
516,"im-3so3h,2 + camphorsulfonate",H
517,"im-3so3h,4 + camphorsulfonate",H
518,"im-3so3h,ph[2] + camphorsulfonate",H
519,im-3so3h + camphorsulfonate,H
520,"im-4,1,1 + al(ohfip)4",L
521,"im-4,1,1 + bf4",H
522,"im-4,1,1 + dca",L
523,"im-4,1,1 + fap",H
524,"im-4,1,1 + h2po4",L
525,"im-4,1,1 + hso4",H
526,"im-4,1,1 + ntf2",L
527,"im-4,1,1 + scn",H
528,"im-4,1,1 + so4-1,3[f],chf2",H
529,"im-4,1,1 + so4-3,2[f]",H
530,"im-4,1,1 + tcb",L
531,"im-4,1,1o2 + ntf2",L
532,"im-4,1,1o3 + ntf2",L
533,"im-4,1 + 1ac",H
534,"im-4,1 + 2ac",H
535,"im-4,1 + ac",H
536,"im-4,1 + al(ohfip)4",L
537,"im-4,1 + ala",L
538,"im-4,1 + alcl4",L
539,"im-4,1 + behss",H
540,"im-4,1 + bf2ox",H
541,"im-4,1 + bf3-1[f]",L
542,"im-4,1 + bf3-2[f]",L
543,"im-4,1 + bf3-3icn",L
544,"im-4,1 + bf3-ph-1[f][3]",L
545,"im-4,1 + bf3-ph-1[f][4]",L
546,"im-4,1 + bf3-ph-cn[3]",H
547,"im-4,1 + bf3-ph-cn[4]",H
548,"im-4,1 + bf3-ph-f[2]",L
549,"im-4,1 + bf3-ph-f[3]",L
550,"im-4,1 + bf3-ph-f[4]",L
551,"im-4,1 + bf3-ph-o1[2]",H
552,"im-4,1 + bf3-ph-o1[3]",H
553,"im-4,1 + bf3-ph-o1[4]",H
554,"im-4,1 + bf3-ph",L
555,"im-4,1 + bf4",H
556,"im-4,1 + br",H
557,"im-4,1 + ccn3",L
558,"im-4,1 + cl",H
559,"im-4,1 + clo4",H
560,"im-4,1 + coscn4",H
561,"im-4,1 + ctf3",H
562,"im-4,1 + dca",L
563,"im-4,1 + fap",L
564,"im-4,1 + 43500",L
565,"im-4,1 + fecl4",L
566,"im-4,1 + for",L
567,"im-4,1 + fpi",L
568,"im-4,1 + fsa",L
569,"im-4,1 + glu",L
570,"im-4,1 + gly",L
571,"im-4,1 + glyc",H
572,"im-4,1 + h2po4",H
573,"im-4,1 + hco3",L
574,"im-4,1 + hfps",H
575,"im-4,1 + hso4",H
576,"im-4,1 + i",H
577,"im-4,1 + imidazolide",L
578,"im-4,1 + la",H
579,"im-4,1 + no3",L
580,"im-4,1 + npf2",L
581,"im-4,1 + ntf2",L
582,"im-4,1 + otf",L
583,"im-4,1 + pf6",L
584,"im-4,1 + ph-coo",H
585,"im-4,1 + phen",L
586,"im-4,1 + po2-cf3,cf3",L
587,"im-4,1 + po2-o1,o1",H
588,"im-4,1 + po2-o4,o4",H
589,"im-4,1 + po3h-1",L
590,"im-4,1 + po4",H
591,"im-4,1 + sbf6",L
592,"im-4,1 + scn",L
593,"im-4,1 + so3-1",L
594,"im-4,1 + so3-4[f]",H
595,"im-4,1 + so4-1,3[f],chf2",L
596,"im-4,1 + so4-1",L
597,"im-4,1 + so4-2",H
598,"im-4,1 + so4-3,2[f]",H
599,"im-4,1 + so4-4",H
600,"im-4,1 + so4-5",H
601,"im-4,1 + so4-8",H
602,"im-4,1 + tcb",L
603,"im-4,1 + tdi",L
604,"im-4,1 + tehss",H
605,"im-4,1 + tfa-2[f]",L
606,"im-4,1 + tfa",L
607,"im-4,1 + tpes",L
608,"im-4,1 + ttes",H
609,"im-4,2,1o2 + ntf2",L
610,"im-4,2,1o3 + ntf2",L
611,"im-4,2 + br",L
612,"im-4,2 + ntf2",L
613,"im-4,2 + otf",L
614,"im-4,2 + po2-o2,o2",H
615,"im-4,2 + po2-o4,o4",H
616,"im-4,2 + so3-4[f]",H
617,"im-4,2 + tfa",L
618,"im-4,4 + ac",H
619,"im-4,4 + alcl4",H
620,"im-4,4 + ntf2",H
621,"im-4,4 + po2-o4,o4",H
622,"im-4,4 + so3-ph1",H
623,im-4 + hso4,H
624,im-4 + no3,H
625,im-4 + otf,L
626,im-4 + scn,H
627,im-4 + so3-1,H
628,"im-4cn,1 + bf4",H
629,"im-4cn,1 + cl",H
630,"im-4cn,1 + pf6",H
631,"im-4i,1 + i",H
632,"im-4i,1 + ntf2",L
633,"im-4i,4i + ntf2",L
634,im-4so31 + so4-1,H
635,im-4so32 + so4-2,H
636,"im-4so3h,1 + camphorsulfonate",H
637,"im-4so3h,1 + hso4",H
638,"im-4so3h,1 + otf",H
639,"im-5,1,1 + hso4",H
640,"im-5,1,1 + ntf2",L
641,"im-5,1,1o2 + ntf2",L
642,"im-5,1,1o3 + ntf2",L
643,"im-5,1 + bf4",L
644,"im-5,1 + fap4",H
645,"im-5,1 + h2po4",H
646,"im-5,1 + hco3",L
647,"im-5,1 + nicl4",L
648,"im-5,1 + no3",H
649,"im-5,1 + npf2",L
650,"im-5,1 + ntf2",L
651,"im-5,1 + pf6",H
652,"im-5,1 + scn",L
653,"im-5,2,1o2 + ntf2",L
654,"im-5,2,1o3 + ntf2",L
655,"im-5,4 + ntf2",L
656,"im-5,5 + ntf2",H
657,"im-5i,1 + i",H
658,"im-5i,1 + ntf2",L
659,"im-5i,4 + ntf2",L
660,"im-6,1,1 + ntf2",H
661,"im-6,1,1 + pyrazolide-no2[4]",H
662,"im-6,1,s1 + ntf2",L
663,"im-6,1 + ac",H
664,"im-6,1 + al(ohfip)4",L
665,"im-6,1 + al2br7",L
666,"im-6,1 + albr4",L
667,"im-6,1 + alcl4",L
668,"im-6,1 + bf3-1[f]",L
669,"im-6,1 + bf3-2[f]",L
670,"im-6,1 + bf4",L
671,"im-6,1 + br",H
672,"im-6,1 + cl",H
673,"im-6,1 + dca",L
674,"im-6,1 + fap",L
675,"im-6,1 + fap3",H
676,"im-6,1 + 43500",L
677,"im-6,1 + fecl4",L
678,"im-6,1 + fpi",L
679,"im-6,1 + i",H
680,"im-6,1 + no3",H
681,"im-6,1 + npf2",L
682,"im-6,1 + ntf2",L
683,"im-6,1 + otf",L
684,"im-6,1 + pf6",H
685,"im-6,1 + phen",L
686,"im-6,1 + po2-o1,o1",H
687,"im-6,1 + pyrazolide-no2[4]",H
688,"im-6,1 + pyrrolide-cn[2]",H
689,"im-6,1 + so3-4[f]",H
690,"im-6,1 + so4-1",H
691,"im-6,1 + so4-2",H
692,"im-6,1 + tcb",L
693,"im-6,1 + tetrazolide",H
694,"im-6,1 + triazolide",H
695,"im-6,1 + triazolide123",H
696,"im-6,2 + po2-o2,o2",H
697,"im-6,4 + po2-o4,o4",H
698,"im-6,6 + ac",H
699,"im-6,6 + no3",H
700,"im-6,6 + ntf2",H
701,"im-6,6 + po2-o8i,o8i",H
702,"im-6i,1 + ntf2",H
703,"im-6oh,1 + cl",H
704,"im-6oh,2 + cl",H
705,"im-6oh,4 + cl",H
706,im-6oh + cl,H
707,"im-7,1,1 + ntf2",L
708,"im-7,1 + nicl4",L
709,"im-7,1 + ntf2",L
710,"im-7,1 + pf6",H
711,"im-7,7 + ntf2",H
712,"im-7i,1 + ntf2",H
713,"im-8,1,1 + h2po4",H
714,"im-8,1,1 + ntf2",L
715,"im-8,1,1 + otf",L
716,"im-8,1 + al(ohfip)4",L
717,"im-8,1 + ala",H
718,"im-8,1 + alcl4",L
719,"im-8,1 + asn",H
720,"im-8,1 + bf4",H
721,"im-8,1 + cl",H
722,"im-8,1 + dca",L
723,"im-8,1 + 43500",L
724,"im-8,1 + fecl4",L
725,"im-8,1 + gly",H
726,"im-8,1 + h2po4",H
727,"im-8,1 + h3p2o7",H
728,"im-8,1 + i",H
729,"im-8,1 + nicl4",L
730,"im-8,1 + npf2",H
731,"im-8,1 + ntf2",L
732,"im-8,1 + otf",L
733,"im-8,1 + pf6",H
734,"im-8,1 + phen",H
735,"im-8,1 + po2-o1,o1",H
736,"im-8,1 + pro",H
737,"im-8,1 + sac",H
738,"im-8,1 + scn",L
739,"im-8,1 + ser",H
740,"im-8,1 + so3-4[f]",H
741,"im-8,1 + so4-1",L
742,"im-8,1 + so4-2",H
743,"im-8,1 + tcb",L
744,"im-8,1 + tfa-3[f]",H
745,"im-8,1 + tfa",H
746,"im-8,2 + po2-o2,o2",H
747,"im-8,4 + po2-o4,o4",H
748,"im-8,8 + ac",H
749,"im-8,8 + no3",H
750,"im-8,8 + ntf2",H
751,"im-8,8 + po2-o8i,o8i",H
752,"im-8chch(E)8,1 + ntf2",H
753,"im-8chch(Z)1chch(Z)5,1 + ntf2",H
754,"im-8chch(Z)8,1 + ntf2",H
755,"im-8i,8i + ac",H
756,"im-8i,8i + no3",H
757,"im-8i,8i + ntf2",H
758,"im-8i,8i + po2-o8i,o8i",H
759,"im-9,1 + ntf2",H
760,"im-9,1 + pf6",H
761,"im-9,9 + ntf2",H
762,"im-[2o]21,1 + bf3-1[f]",L
763,"im-[2o]21,1 + bf3-2[f]",L
764,"im-[2o]21,1 + bf4",L
765,"im-[2o]21,1 + cl",H
766,"im-[2o]21,1 + pf6",H
767,"im-[2o]21,1 + po2-o1,o1",H
768,"im-[2o]21,1 + so3-1",H
769,"im-[2o]31,1 + po2-o1,o1",H
770,"im-[2o]31,1 + so3-1",H
771,"im-a,1,1 + bf4",H
772,"im-a,10 + dca",L
773,"im-a,12 + dca",L
774,"im-a,14 + dca",H
775,"im-a,1 + al(ohfip)4",L
776,"im-a,1 + bf3-3icn",L
777,"im-a,1 + br",H
778,"im-a,1 + cl",H
779,"im-a,1 + dca",L
780,"im-a,1 + ntf2",L
781,"im-a,2 + br",H
782,"im-a,3 + br",H
783,"im-a,4 + dca",L
784,"im-a,6 + dca",L
785,"im-a,8 + dca",L
786,"im-a,a + bf3-3icn",L
787,"im-a,a + br",H
788,"im-a,a + cl",H
789,"im-a,a + ntf2",L
790,"im-c,1,1 + bf4",H
791,"im-c7,1 + ntf2",H
792,"im-ch,1 + ntf2",H
793,"im-chc(ch3)2,1 + bf4",H
794,"im-cp,1 + ntf2",L
795,"im-cp,4 + ntf2",L
796,"im-moxm,10 + ntf2",H
797,"im-moxm,11 + ntf2",H
798,"im-moxm,12 + ntf2",H
799,"im-moxm,1 + ntf2",H
800,"im-moxm,2 + ntf2",H
801,"im-moxm,3 + ntf2",H
802,"im-moxm,4 + ntf2",H
803,"im-moxm,5 + ntf2",H
804,"im-moxm,6 + ntf2",H
805,"im-moxm,7 + ntf2",H
806,"im-moxm,8 + ntf2",H
807,"im-moxm,9 + ntf2",H
808,"im-v,10 + dca",H
809,"im-v,1 + i",H
810,"im-v,2 + i",H
811,"im-v,3 + i",H
812,"im-v,4 + i",H
813,"im-v,8 + dca",L
814,"im-v,a + dca",L
815,"im-v,a + i",H
816,im + 4ac,L
817,im + 5ac,L
818,im + 6ac,L
819,im + 7ac,L
820,mo-1 + bf4,H
821,mo-1 + for,L
822,"mo-2,1 + dca",L
823,"mo-2,1 + po3h-2",H
824,"mo-2,1 + so4-2",H
825,mo-2 + bf4,H
826,mo-2 + for,L
827,"mo-2o1(3[f]chf2),1 + ntf2",H
828,"mo-2o1,1 + bf3-1[f]",H
829,"mo-2o1,1 + bf3-2[f]",H
830,"mo-2o1,1 + bf3-3[f]",H
831,"mo-2o1,1 + fap",H
832,"mo-2o1,1 + ntf2",H
833,"mo-2o2,1 + ntf2",H
834,"mo-3,1 + dca",H
835,"mo-3oh,1 + ntf2",H
836,"mo-4,1 + al(ohfip)4",L
837,"mo-4,1 + bf3-1[f]",H
838,"mo-4,1 + bf3-2[f]",H
839,"mo-4,1 + ccn3",H
840,"mo-4,1 + dca",H
841,"mo-4,1 + ntf2",H
842,"mo-4,1 + po3h-4",H
843,"mo-4,1 + so4-4",H
844,"mo-5,1 + dca",H
845,"mo-6,1 + dca",H
846,"mo-6,1 + fsa",H
847,"mo-6,1 + ntf2",H
848,"mo-6,1 + po3h-6",H
849,"mo-7,1 + dca",H
850,"mo-8,1 + dca",H
851,"mo-8,1 + po3h-8",L
852,"mo-9,1 + dca",H
853,"mo-a,1 + ntf2",H
854,"mo-a,2 + ntf2",H
855,mo + for,L
856,n-1(1[1])coo1 + bf4,L
857,n-1(1[1])coo1 + scn,L
858,n-1(1[1])coo2 + no3,H
859,n-1(4i[1])coo1 + no3,H
860,"n-1,1,1,1 + bala",H
861,"n-1,1,1,1 + gly",H
862,"n-1,1,1,1 + oh",L
863,"n-1,1,1 + h2po4",H
864,"n-1,1 + for",L
865,"n-1,1 + hso4",L
866,"n-10,10,1,1 + herbicide-2,4-DP",H
867,"n-10,2,2,2 + ntf2",H
868,"n-10,3i,1,1 + ntf2",H
869,"n-12,1,1,1 + herbicide-2,4-DP",H
870,"n-12,2,2,2 + ntf2",H
871,"n-14,1,1,1 + herbicide-2,4-DP",H
872,"n-14,2,2,2 + ntf2",H
873,"n-18,1,1,1 + herbicide-2,4-DP",H
874,n-1 + for,L
875,"n-1coo1,2,2,1 + so4-1",H
876,"n-1coo1,4,2,2 + so4-4",H
877,"n-1coo1,a,2,2 + ntf2",L
878,"n-1coo12,1,1,1 + dca",L
879,"n-1coo12,1,1,1 + la",L
880,"n-1coo14,1,1,1 + la",H
881,"n-1coo16,1,1,1 + la",H
882,n-1coo1 + no3,L
883,"n-1coo2,2,1,1 + so4-2",H
884,"n-1coo2,2,2,2 + ntf2",H
885,"n-1coo2,2,2,2 + so4-2",H
886,"n-1coo2,3,3,3 + ntf2",L
887,"n-1coo2,4,1,1 + so4-4",H
888,"n-1coo2,4,4,4 + bf4",H
889,"n-1coo2,4,4,4 + dca",H
890,"n-1coo2,4,4,4 + ntf2",H
891,"n-1coo2,5,1,1 + ntf2",L
892,"n-1coo2,6,1,1 + ntf2",L
893,"n-1coo2,a,1,1 + ntf2",L
894,"n-1coo6,1,1,1 + bf4",L
895,"n-1coo6,1,1,1 + dca",L
896,"n-1cooh,1,1,1 + ntf2",L
897,"n-1dmsodmsph,1,1,1 + ntf2",L
898,"n-1o1,1,1,1 + ntf2",L
899,"n-1o1,2,2,2 + dca",L
900,"n-1o1,2,2,2 + ntf2",L
901,"n-1o2,2odoe,1,1 + ntf2",H
902,"n-1o3,2odoe,1,1 + ntf2",H
903,"n-1o4,2odoe,1,1 + ntf2",H
904,"n-1o5,2odoe,1,1 + ntf2",H
905,"n-1o6,2odoe,1,1 + ntf2",H
906,"n-1o7,2odoe,1,1 + ntf2",H
907,"n-1o8,2odoe,1,1 + ntf2",H
908,"n-1o9,2odoe,1,1 + ntf2",H
909,"n-1o[10],2odoe,1,1 + ntf2",H
910,"n-1o[11],2odoe,1,1 + ntf2",H
911,"n-1o[12],2odoe,1,1 + ntf2",H
912,"n-1ph,2,2,2 + tfa",H
913,"n-2,1,1,1 + tsac",L
914,"n-2,1,1 + ac-ph",H
915,"n-2,1,1 + ac",L
916,"n-2,1,1 + for",L
917,"n-2,2,1 + otf",L
918,"n-2,2,1 + so3-1",L
919,"n-2,2,2,1 + so4-1",H
920,"n-2,2,2,2 + ala",L
921,"n-2,2,2,2 + bala",L
922,"n-2,2,2,2 + im41",H
923,"n-2,2,2,2 + npfso2f",L
924,"n-2,2,2,2 + oh",L
925,"n-2,2,2,2 + so4-1,1[f],chf2",H
926,"n-2,2,2,2 + so4-1,1[f]",H
927,"n-2,2,2,2 + so4-1,3[f],chf2",H
928,"n-2,2,2,2 + tsac",L
929,"n-2,2,2 + ac",L
930,"n-2,2,2 + for",L
931,"n-2,2,2 + h2po4",L
932,"n-2,2,2 + hso4",H
933,"n-2,2,2 + ntf2",L
934,"n-2,2,2 + otf",L
935,"n-2,2,2 + po2-o4,o4",L
936,"n-2,2,2 + so3-1",L
937,"n-2,2,2 + tfa-2[f]",L
938,"n-2,2,2 + tfa-4[f]",L
939,"n-2,2,2 + tfa-6[f]",H
940,"n-2,2,2 + tfa",L
941,"n-2,2 + ac",L
942,"n-2,2 + for",L
943,"n-2,2 + hso4",L
944,"n-2,2 + po2-o4,o4",H
945,n-2 + 1ac,L
946,n-2 + 2ac,H
947,n-2 + for,L
948,n-2 + glyc,H
949,n-2 + hso4,L
950,n-2 + la,H
951,n-2 + no3,L
952,"n-2coo1,1,1,1 + ntf2",H
953,"n-2coo1,2,1,1 + ntf2",H
954,"n-2coo1ph,1,1,1 + ntf2",H
955,"n-2dma,1,1 + ac",L
956,"n-2eh,2eh,1,1 + 1ac",H
957,"n-2eh,2eh,1,1 + ac",H
958,"n-2eh,2eh,1,1 + for",H
959,"n-2eh,2eh,1,1 + hso4",H
960,"n-2eh,2eh,1,1 + so3-1",H
961,"n-2eh,2eh,1,1 + tfa",H
962,"n-2n3,1,1,1 + dca",L
963,"n-2n3,2,1,1 + dca",L
964,"n-2n3,4,1,1 + dca",L
965,"n-2n3,a,1,1 + dca",L
966,n-2nh2 + ac,H
967,n-2nh2 + for,L
968,"n-2nh2 + po2-o4,o4",H
969,"n-2o1,1,1,1 + bf3-3[f]",L
970,"n-2o1,1,1,1 + bf4",H
971,"n-2o1,1,1,1 + ntf2",L
972,"n-2o1,1o1,1,1 + bf4",L
973,"n-2o1,1o1,1,1 + ntf2",L
974,"n-2o1,2,1,1 + bf3-1[f]",L
975,"n-2o1,2,1,1 + bf3-2[f]",L
976,"n-2o1,2,1,1 + bf3-3[f]",L
977,"n-2o1,2,1,1 + bf3-4[f]",L
978,"n-2o1,2,1,1 + bf4",H
979,"n-2o1,2,1,1 + fap",L
980,"n-2o1,2,1,1 + ntf2",L
981,"n-2o1,2,2,1 + bf3-1[f]",L
982,"n-2o1,2,2,1 + bf3-2[f]",L
983,"n-2o1,2,2,1 + bf3-2[f]o1[f]",L
984,"n-2o1,2,2,1 + bf3-3[f]",L
985,"n-2o1,2,2,1 + bf3-4[f]",L
986,"n-2o1,2,2,1 + bf4",H
987,"n-2o1,2,2,1 + ntf2",L
988,"n-2o1,2,2,1 + tfesi",H
989,"n-2o1,2,2,2 + bf3-1[f]",L
990,"n-2o1,2,2,2 + bf3-2[f]",L
991,"n-2o1,2,2,2 + bf3-3[f]",L
992,"n-2o1,2,2,2 + bf3-4[f]",L
993,"n-2o1,2,2,2 + ntf2",L
994,"n-2o1,2o1,1,1 + bf4",H
995,"n-2o1,2o1,1,1 + ntf2",L
996,n-2o1 + for,L
997,"n-2o2,1o1,1,1 + bf4",L
998,"n-2o2,1o1,1,1 + ntf2",L
999,"n-2o2,2,2,2 + ntf2",L
1000,"n-2o2,2o1,1,1 + ac",H
1001,"n-2o2,2o1,1,1 + bf4",H
1002,"n-2o2,2o1,1,1 + ntf2",L
1003,"n-2o2,2o2,1,1 + bf4",H
1004,"n-2o2,2o2,1,1 + ntf2",L
1005,"n-2o2,4,4,4 + ntf2",H
1006,"n-2o2,5,5,5 + ntf2",H
1007,"n-2o2oh,2o2oh + for",L
1008,"n-2o2oh,2o2oh + hso4",H
1009,"n-2o2oh,2o2oh + no3",H
1010,"n-2o2oh,2o2oh + tfa",H
1011,"n-2o2oh,[2o]22oh,13,1 + so4-1",H
1012,"n-2o2oh,[2o]22oh,13,1 + so4-[2o]21",H
1013,n-2o2oh + ac,H
1014,n-2o2oh + for,H
1015,n-2o2oh + la,H
1016,"n-2oh,1,1,1 + 1ac",H
1017,"n-2oh,1,1,1 + 2ac",H
1018,"n-2oh,1,1,1 + 4ac",H
1019,"n-2oh,1,1,1 + acsul",H
1020,"n-2oh,1,1,1 + ala",H
1021,"n-2oh,1,1,1 + bala",H
1022,"n-2oh,1,1,1 + bes",H
1023,"n-2oh,1,1,1 + biot",H
1024,"n-2oh,1,1,1 + capso",H
1025,"n-2oh,1,1,1 + dca",L
1026,"n-2oh,1,1,1 + gly",L
1027,"n-2oh,1,1,1 + im44",H
1028,"n-2oh,1,1,1 + la",H
1029,"n-2oh,1,1,1 + mal",H
1030,"n-2oh,1,1,1 + mopso",H
1031,"n-2oh,1,1,1 + ntf2",L
1032,"n-2oh,1,1,1 + pro",H
1033,"n-2oh,1,1,1 + sac",H
1034,"n-2oh,1,1,1 + ser",H
1035,"n-2oh,1,1,1 + so4-1",H
1036,"n-2oh,1,1,1 + vitaminC",H
1037,"n-2oh,1 + 1ac",H
1038,"n-2oh,1 + 2ac",H
1039,"n-2oh,1 + 2aci",H
1040,"n-2oh,1 + 3ac",H
1041,"n-2oh,1 + ac",H
1042,"n-2oh,1 + for",L
1043,"n-2oh,1ph,1,1 + ntf2",H
1044,"n-2oh,2,1,1 + so3-4",H
1045,"n-2oh,2,1,1 + so4-2",H
1046,"n-2oh,2,2 + otf",H
1047,"n-2oh,2,2 + tfa",L
1048,"n-2oh,2br,1,1 + ntf2",H
1049,"n-2oh,2oh,1 + ac",H
1050,"n-2oh,2oh,1 + la",H
1051,"n-2oh,2oh,2oh,1 + so4-1",H
1052,"n-2oh,2oh,2oh + 3ac",H
1053,"n-2oh,2oh,2oh + ac",H
1054,"n-2oh,2oh,2oh + for",H
1055,"n-2oh,2oh,2oh + la",H
1056,"n-2oh,2oh,2oh + mal",H
1057,"n-2oh,2oh + 1ac",H
1058,"n-2oh,2oh + 3ac",H
1059,"n-2oh,2oh + ac",H
1060,"n-2oh,2oh + for",H
1061,"n-2oh,2oh + la",H
1062,"n-2oh,2oh + mal",H
1063,"n-2oh,2oh + po2-o4,o4",H
1064,"n-2oh,2oh + so3-1",H
1065,"n-2oh,2oh + so3-nh2",H
1066,"n-2oh,3,1,1 + ntf2",L
1067,"n-2oh,3i,1,1 + ntf2",H
1068,"n-2oh,8,1,1 + ntf2",H
1069,"n-2oh,8i,1,1 + ntf2",H
1070,"n-2oh,ph + 1ac",L
1071,"n-2oh,ph + 2ac",L
1072,"n-2oh,ph + 3ac",L
1073,"n-2oh,ph + 4ac",L
1074,n-2oh + 3ac,H
1075,n-2oh + ac,H
1076,n-2oh + for,L
1077,n-2oh + hso4,H
1078,n-2oh + la,H
1079,n-2oh + mal,H
1080,n-2oh + no3,L
1081,"n-2ono2,1,1,1 + dca",H
1082,"n-2oso3h,1,1,1 + ntf2",H
1083,"n-2oso3h,2,2,2 + ntf2",H
1084,"n-2oso3h,6,6,6 + ntf2",H
1085,"n-2oso3h,8,8,8 + ntf2",H
1086,"n-3(1[f]),2,2,1 + ntf2",H
1087,"n-3,1,1,1 + c1c2",L
1088,"n-3,1,1,1 + ntf2",L
1089,"n-3,1,1,1 + tsac",L
1090,"n-3,2,1,1 + al(ohfip)4",L
1091,"n-3,2,1,1 + al2br7",L
1092,"n-3,2,1,1 + ntf2",L
1093,"n-3,2,2,1 + ntf2",L
1094,"n-3,2,2,1 + tfesi",H
1095,"n-3,3,2,1 + ntf2",L
1096,"n-3,3,3,3 + oh",L
1097,"n-3,3,3,3 + so4-4",H
1098,"n-3,3 + scn",L
1099,"n-3,3i,1,1 + ntf2",H
1100,n-3 + ac,H
1101,n-3 + for,L
1102,n-3 + no3,L
1103,"n-3cooh,1,1,1 + ntf2",H
1104,"n-3i,1,1,1 + tsac",L
1105,"n-3i,3i,1 + ac",L
1106,"n-3i,3i,1 + for",L
1107,"n-3i,3i,1 + hf2",L
1108,"n-3i,3i,2 + ac",L
1109,"n-3i,3i,2 + for",L
1110,"n-3i,3i,2 + hf2",L
1111,n-3o1 + ac,H
1112,"n-3oh[2](cl),1,1,1 + ntf2",H
1113,n-3oh[2] + for,H
1114,n-3oh + ac,H
1115,n-3oh + for,H
1116,n-3oh + mal,H
1117,n-3oh + tfa,H
1118,"n-3oso3h,1,1,1 + ntf2",H
1119,"n-3so3h,4i + hso4",H
1120,"n-4,1,1,1 + ntf2",H
1121,"n-4,2,1,1 + bf3-1[f]",H
1122,"n-4,2,1,1 + bf3-2[f]",L
1123,"n-4,2,1,1 + ntf2",L
1124,"n-4,2,1,1 + so4-2",H
1125,"n-4,2,2,1 + al2br7",L
1126,"n-4,2,2,1 + bf3-2[f]o1[f]",L
1127,"n-4,2,2,1 + ntf2",L
1128,"n-4,2,2,1 + tfesi",H
1129,"n-4,2,2,2 + ac",H
1130,"n-4,3,1,1 + al2br7",L
1131,"n-4,3,1,1 + ntf2",L
1132,"n-4,3i,1,1 + ntf2",H
1133,"n-4,4,4,1 + al(ohfip)4",L
1134,"n-4,4,4,1 + dca",H
1135,"n-4,4,4,1 + ntf2",H
1136,"n-4,4,4,4 + al(ohfip)4",L
1137,"n-4,4,4,4 + bala",H
1138,"n-4,4,4,4 + behss",H
1139,"n-4,4,4,4 + bes",H
1140,"n-4,4,4,4 + bf2ox",L
1141,"n-4,4,4,4 + capso",H
1142,"n-4,4,4,4 + croc",H
1143,"n-4,4,4,4 + gly",H
1144,"n-4,4,4,4 + mopso",H
1145,"n-4,4,4,4 + oh",L
1146,"n-4,4,4,4 + phen-no2[2],no2[4],no2[6]",L
1147,"n-4,4,4,4 + so3-4[f]",H
1148,"n-4,4,4,4 + so3-8[f]",H
1149,"n-4,4,4,4 + so4-1,1[f],chf2",H
1150,"n-4,4,4,4 + so4-1,3[f],chf2",L
1151,"n-4,4,4,4 + val",H
1152,"n-4,4,4 + no3",H
1153,"n-4,4 + for",L
1154,"n-4,4 + po2-o4,o4",L
1155,n-4 + ac,H
1156,n-4 + for,L
1157,n-4 + hso4,H
1158,n-4 + no3,L
1159,n-4 + scn,L
1160,n-4i + for,H
1161,"n-4oso3h,1,1,1 + ntf2",H
1162,n-4s + scn,H
1163,"n-4so3h,4i + hso4",H
1164,"n-5,2,1,1 + ntf2",H
1165,"n-5,2,2,2 + al(ohfip)4",L
1166,"n-5,2,2,2 + al2br7",L
1167,"n-5,2,2,2 + ntf2",L
1168,"n-5,5,5,5 + behss",H
1169,"n-5,5,5,5 + c1c2",H
1170,"n-5,5,5,5 + ntf2",H
1171,"n-5,5,5,5 + tsac",H
1172,n-5 + for,L
1173,n-5i + for,H
1174,"n-6,1,1,1 + ntf2",L
1175,"n-6,2,2,2 + dca",L
1176,"n-6,2,2,2 + ntf2",H
1177,"n-6,3i,1,1 + ntf2",H
1178,"n-6,4,4,4 + ntf2",H
1179,"n-6,6,6,2 + al(ohfip)4",L
1180,"n-6,6,6,2 + ntf2",H
1181,"n-6,6,6,6 + behss",H
1182,"n-6,6,6,6 + ntf2",H
1183,"n-6,6,6,6 + ph-coo",H
1184,"n-7,1,1,1 + ntf2",L
1185,"n-7,2,1,1 + ntf2",H
1186,"n-7,2,2,2 + ntf2",H
1187,"n-7,3i,3i,2 + ntf2",H
1188,"n-7,4,4,4 + ntf2",H
1189,"n-7,7,7,7 + behss",H
1190,"n-7,7,7,7 + cl",H
1191,"n-7,7,7,7 + ntf2",H
1192,"n-8,1,1,1 + ntf2",L
1193,"n-8,2,2,2 + dca",H
1194,"n-8,2,2,2 + fsa",L
1195,"n-8,2,2,2 + ntf2",H
1196,"n-8,4,4,4 + ntf2",H
1197,"n-8,4,4,4 + otf",H
1198,"n-8,8,8,1 + al(ohfip)4",L
1199,"n-8,8,8,1 + cl",H
1200,"n-8,8,8,1 + ntf2",H
1201,"n-8,8,8,1 + so4-1,1[f],chf2",H
1202,"n-8,8,8,1 + so4-1,1[f]",H
1203,"n-8,8,8,1 + so4-1,3[f],chf2",H
1204,"n-8,8,8,1 + tfa",H
1205,"n-8,8,8,1 + tfpb",H
1206,"n-8,8,8,8 + behss",H
1207,"n-8,8,8 + 8ac-6[2]",L
1208,"n-8,8,8 + ac-2ph",L
1209,"n-8,8,8 + naphthoate2",H
1210,"n-8,8,8 + ph-coo[1],4t[4]",L
1211,"n-[2o]21,1,1,1 + ntf2",L
1212,"n-[2o]21,2,1,1 + ntf2",H
1213,"n-[2o]21,[2o]21,[2o]21,2 + ntf2",L
1214,"n-a,1,1,1 + tsac",L
1215,"n-a,a + ac",L
1216,"n-a,a + for",L
1217,"n-a,a + mal",H
1218,"n-ch,10,1,1 + ac",L
1219,"n-ch,12,1,1 + ac",L
1220,"n-ch,2,1,1 + ac",L
1221,"n-ch,4,1,1 + ac-[o2]2o1",L
1222,"n-ch,4,1,1 + ac-o1",L
1223,"n-ch,4,1,1 + ac-o2",L
1224,"n-ch,4,1,1 + ac-o2o1",L
1225,"n-ch,4,1,1 + ac",L
1226,"n-ch,4,1,1 + for",L
1227,"n-ch,6,1,1 + ac-[o2]2o1",L
1228,"n-ch,6,1,1 + ac-o1",L
1229,"n-ch,6,1,1 + ac-o2",L
1230,"n-ch,6,1,1 + ac-o2o1",L
1231,"n-ch,6,1,1 + ac",L
1232,"n-ch,6,1,1 + for",L
1233,"n-ch,8,1,1 + ac-[o2]2o1",L
1234,"n-ch,8,1,1 + ac-o1",L
1235,"n-ch,8,1,1 + ac-o2",L
1236,"n-ch,8,1,1 + ac-o2o1",L
1237,"n-ch,8,1,1 + ac",H
1238,"n-ch,8,1,1 + for",L
1239,"n-moxm,10,1,1 + ntf2",H
1240,"n-moxm,11,1,1 + ntf2",H
1241,"n-moxm,2,1,1 + ntf2",H
1242,"n-moxm,2,2,1 + ntf2",H
1243,"n-moxm,2,2,2 + ntf2",H
1244,"n-moxm,4,1,1 + ntf2",H
1245,"n-moxm,6,1,1 + ntf2",H
1246,"n-moxm,7,1,1 + ntf2",H
1247,"n-moxm,8,1,1 + ntf2",H
1248,"n-moxm,9,1,1 + ntf2",H
1249,"n-nh2,1cch,1,1 + dca",H
1250,"n-nh2,1cch,1,1 + ncnno2",H
1251,"n-nh2,1cn,1,1 + dca",H
1252,"n-nh2,1cn,1,1 + ncnno2",H
1253,"n-nh2,2,1,1 + dca",L
1254,"n-nh2,2oh,1,1 + dca",L
1255,"n-nh2,2oh,1,1 + ncnno2",L
1256,"n-nh2,4,1,1 + dca",L
1257,"n-nh2,4,1,1 + ncnno2",L
1258,"n-nh2,a,1,1 + dca",L
1259,"n-nh2,a,1,1 + ncnno2",L
1260,"n-ph,1,1,1 + ntf2",H
1261,"n=c-o1,1,1 + ntf2",L
1262,"n=c-o1,1,1 + otf",L
1263,"n=c-o2,1,1 + ntf2",L
1264,"n=c-o2,1,1 + otf",L
1265,"n=c1-o1,2,2 + ntf2",L
1266,"n=c1-o1,2,2 + otf",L
1267,"n=c1-o2,1,1 + ntf2",L
1268,"n=c1-o2,2,2 + ntf2",L
1269,"n=c1-o2,2,2 + otf",L
1270,"ox-2o1,1 + bf3-1[f]",L
1271,"ox-2o1,1 + bf3-2[f]",L
1272,"ox-2o1,1 + bf3-3[f]",L
1273,"ox-2o1,1 + bf3-4[f]",L
1274,"ox-2o1,1 + bf4",H
1275,"ox-2o1,1 + ntf2",L
1276,"ox-3,1 + ntf2",H
1277,"ox-3f,1 + ntf2",H
1278,"ox-4,1 + bf3-1[f]",L
1279,"ox-4,1 + bf3-2[f]",L
1280,"ox-4,1 + bf4",H
1281,"ox-4,1 + ntf2",L
1282,"p-10,2,2,2 + pyrazolide-no2[4]",H
1283,"p-10,4,4,4 + cl",H
1284,"p-10,6,6,6 + acsul",H
1285,"p-10,8,8,8 + cl",H
1286,"p-12,2,2,2 + ntf2",L
1287,"p-12,2,2,2 + pyrrolide-cn[2]",H
1288,"p-12,4,4,4 + bf4",H
1289,"p-12,4,4,4 + cl",H
1290,"p-12,4,4,4 + ntf2",H
1291,"p-12,4,4,4 + pyrrolide-cn[2]",H
1292,"p-12,4,4,4 + so3-ph-coo1[3],coo1[5]",H
1293,"p-12,4,4,4 + triazolide123",H
1294,"p-12,6,6,6 + acsul",H
1295,"p-12,8,8,8 + cl",H
1296,"p-14,4,4,4 + bmb",H
1297,"p-14,4,4,4 + bscb",H
1298,"p-14,4,4,4 + dbs",H
1299,"p-14,4,4,4 + po2-o8i,o8i",H
1300,"p-14,6,6,6 + 8ac",H
1301,"p-14,6,6,6 + ac-nh1",H
1302,"p-14,6,6,6 + ac",H
1303,"p-14,6,6,6 + acsul",H
1304,"p-14,6,6,6 + ala",H
1305,"p-14,6,6,6 + behss",H
1306,"p-14,6,6,6 + benzimidazolide-br[6]",H
1307,"p-14,6,6,6 + benzimidazolide-s1[2]",H
1308,"p-14,6,6,6 + benzimidazolide",H
1309,"p-14,6,6,6 + bf4",H
1310,"p-14,6,6,6 + bmb",H
1311,"p-14,6,6,6 + bmlb",H
1312,"p-14,6,6,6 + bob",H
1313,"p-14,6,6,6 + br",H
1314,"p-14,6,6,6 + bscb",H
1315,"p-14,6,6,6 + cl",H
1316,"p-14,6,6,6 + cocl4",H
1317,"p-14,6,6,6 + cyc",H
1318,"p-14,6,6,6 + dbs",H
1319,"p-14,6,6,6 + dca",H
1320,"p-14,6,6,6 + fap",H
1321,"p-14,6,6,6 + fecl4",H
1322,"p-14,6,6,6 + fpi",H
1323,"p-14,6,6,6 + gdcl6",H
1324,"p-14,6,6,6 + gly",H
1325,"p-14,6,6,6 + hfps",H
1326,"p-14,6,6,6 + ile",H
1327,"p-14,6,6,6 + imidazolide-1[2],no2[5]",H
1328,"p-14,6,6,6 + imidazolide-cl[4],cl[5]",H
1329,"p-14,6,6,6 + imidazolide-cn[4],cn[5]",H
1330,"p-14,6,6,6 + imidazolide-no2[4]",H
1331,"p-14,6,6,6 + indazolide",H
1332,"p-14,6,6,6 + leu",H
1333,"p-14,6,6,6 + mncl4",H
1334,"p-14,6,6,6 + naph1",H
1335,"p-14,6,6,6 + naph2",H
1336,"p-14,6,6,6 + ntf2",H
1337,"p-14,6,6,6 + ox",H
1338,"p-14,6,6,6 + phen-1[2],1[4]",H
1339,"p-14,6,6,6 + phen-1[2],1[6]",H
1340,"p-14,6,6,6 + phen-1[2]",H
1341,"p-14,6,6,6 + phen-1[3]",H
1342,"p-14,6,6,6 + phen-1[4]",H
1343,"p-14,6,6,6 + phen-1[f][4]",H
1344,"p-14,6,6,6 + phen-3i[4]",H
1345,"p-14,6,6,6 + phen-4t[4]",H
1346,"p-14,6,6,6 + phen-cl[2],cl[4],cl[6]",H
1347,"p-14,6,6,6 + phen-cl[2],cl[4]",H
1348,"p-14,6,6,6 + phen-cl[2]",H
1349,"p-14,6,6,6 + phen-cl[3]",H
1350,"p-14,6,6,6 + phen-cl[4]",H
1351,"p-14,6,6,6 + phen-no2[4]",H
1352,"p-14,6,6,6 + phen-o1[3]",H
1353,"p-14,6,6,6 + phen-o1[4]",H
1354,"p-14,6,6,6 + phen",H
1355,"p-14,6,6,6 + po2-8i,8i",H
1356,"p-14,6,6,6 + po2-o8i,o8i",H
1357,"p-14,6,6,6 + pyrazolide-cf3[3]",H
1358,"p-14,6,6,6 + pyrazolide-no2[4]",H
1359,"p-14,6,6,6 + sac",H
1360,"p-14,6,6,6 + so3-1",H
1361,"p-14,6,6,6 + tetrazolide",H
1362,"p-14,6,6,6 + tpes",H
1363,"p-14,6,6,6 + triazolide",H
1364,"p-14,6,6,6 + triazolide123",H
1365,"p-14,6,6,6 + val",H
1366,"p-14,8,8,8 + behss",H
1367,"p-14,8,8,8 + cl",H
1368,"p-16,6,6,6 + acsul",H
1369,"p-18,4,4,4 + pyrrolide-cn[2]",H
1370,"p-18,4,4,4 + triazolide123",L
1371,"p-1o1,1,1,1 + fsa",L
1372,"p-1o1,1,1,1 + ntf2",L
1373,"p-1o1,2,2,2 + dca",L
1374,"p-1o1,2,2,2 + ntf2",L
1375,"p-1o1,4,4,4 + triazolide123",H
1376,"p-1o2,2,2,2 + triazolide123",L
1377,"p-1o2o1,2,2,2 + imidazolide-1[2],no2[5]",H
1378,"p-1o2o1,2,2,2 + pyrazolide-no2[4]",H
1379,"p-1o2o1,2,2,2 + triazolide123",H
1380,"p-1ph,2,2,2 + ntf2",H
1381,"p-1pha[4],8,8,8 + bf4",H
1382,"p-1pha[4],8,8,8 + no2",H
1383,"p-1pha[4],8,8,8 + ntf2",H
1384,"p-1pha[4],8,8,8 + pf6",H
1385,"p-2,2,2,2 + pyrrolide-cn[2]",H
1386,"p-2o1,2,2,2 + dca",L
1387,"p-2o1,2,2,2 + ntf2",L
1388,"p-2oh,4,4,4 + ntf2",L
1389,"p-2oso3h,4,4,4 + ntf2",H
1390,"p-2oso3h,8,8,8 + ntf2",H
1391,"p-2v,2,2,2 + pyrazolide-no2[4]",L
1392,"p-3,1,1,1 + fsa",L
1393,"p-3chch2,2,2,2 + ntf2",L
1394,"p-3nh2,4,4,4 + ala",H
1395,"p-3nh2,4,4,4 + arg",H
1396,"p-3nh2,4,4,4 + asn",H
1397,"p-3nh2,4,4,4 + asp",H
1398,"p-3nh2,4,4,4 + cys",H
1399,"p-3nh2,4,4,4 + gln",H
1400,"p-3nh2,4,4,4 + glu",H
1401,"p-3nh2,4,4,4 + gly",H
1402,"p-3nh2,4,4,4 + ile",H
1403,"p-3nh2,4,4,4 + leu",H
1404,"p-3nh2,4,4,4 + lys",H
1405,"p-3nh2,4,4,4 + met",H
1406,"p-3nh2,4,4,4 + phe",H
1407,"p-3nh2,4,4,4 + pro",H
1408,"p-3nh2,4,4,4 + ser",H
1409,"p-3nh2,4,4,4 + thr",H
1410,"p-3nh2,4,4,4 + tyr",H
1411,"p-3nh2,4,4,4 + val",H
1412,"p-3oh(oh[2]),8,8,8 + bf4",H
1413,"p-3oh(oh[2]),8,8,8 + cl",H
1414,"p-3oh(oh[2]),8,8,8 + no2",H
1415,"p-3oh(oh[2]),8,8,8 + ntf2",H
1416,"p-3oh(oh[2]),8,8,8 + pf6",H
1417,"p-4,2,2,2 + dca",L
1418,"p-4,2,2,2 + imidazolide-1[2],no2[5]",H
1419,"p-4,2,2,2 + po2-o2,o2",H
1420,"p-4,2,2,2 + pyrazolide-no2[4]",H
1421,"p-4,2,2,2 + pyrrolide-cn[2]",L
1422,"p-4,4,4,1 + cl",H
1423,"p-4,4,4,1 + dca",L
1424,"p-4,4,4,1 + ntf2",H
1425,"p-4,4,4,1 + po2-8i,8i",H
1426,"p-4,4,4,1 + po2-o1,o1",H
1427,"p-4,4,4,1 + so4-1",H
1428,"p-4,4,4,1 + so4-12",H
1429,"p-4,4,4,2 + po2-o2,o2",H
1430,"p-4,4,4,4 + 1ac",H
1431,"p-4,4,4,4 + 2ac",L
1432,"p-4,4,4,4 + ac",H
1433,"p-4,4,4,4 + ala",H
1434,"p-4,4,4,4 + bala",H
1435,"p-4,4,4,4 + bes",H
1436,"p-4,4,4,4 + capso",H
1437,"p-4,4,4,4 + for",H
1438,"p-4,4,4,4 + gly",H
1439,"p-4,4,4,4 + lys",H
1440,"p-4,4,4,4 + mopso",H
1441,"p-4,4,4,4 + phen-f[2]",L
1442,"p-4,4,4,4 + phen-f[3]",L
1443,"p-4,4,4,4 + phen-f[4]",L
1444,"p-4,4,4,4 + phen",L
1445,"p-4,4,4,4 + po2-8i,8i",H
1446,"p-4,4,4,4 + po2-o8i,o8i",H
1447,"p-4,4,4,4 + pro",H
1448,"p-4,4,4,4 + ps2-o2,o2",H
1449,"p-4,4,4,4 + sac",H
1450,"p-4,4,4,4 + ser",H
1451,"p-4,4,4,4 + val",H
1452,"p-4,4,4 + bf4",H
1453,"p-4i,1,1,1 + fsa",L
1454,"p-4i,4i,4i,1 + so3-ph1",H
1455,"p-5,2,2,2 + al2br7",L
1456,"p-5,2,2,2 + fsa",L
1457,"p-5,2,2,2 + ntf2",L
1458,"p-6,1,1,1 + ntf2",L
1459,"p-6,1,1,1 + tsac",L
1460,"p-6,2,2,2 + dca",L
1461,"p-6,4,4,4 + cl",H
1462,"p-6,4,4,4 + ntf2",H
1463,"p-6,6,6,2 + acsul",H
1464,"p-6,6,6,3 + acsul",H
1465,"p-6,6,6,4 + acsul",H
1466,"p-6,6,6,4i + bmb",L
1467,"p-6,6,6,4i + bob",H
1468,"p-6,6,6,4i + br",H
1469,"p-6,6,6,4i + bscb",H
1470,"p-6,6,6,6 + acsul",H
1471,"p-7,2,2,2 + pyrazolide-no2[4]",H
1472,"p-7,6,6,6 + acsul",H
1473,"p-8,1,1,1 + po2-8i,8i",H
1474,"p-8,2,2,2 + dca",L
1475,"p-8,2,2,2 + imidazolide-1[2],no2[5]",H
1476,"p-8,2,2,2 + imidazolide-no2[4]",H
1477,"p-8,2,2,2 + ntf2",L
1478,"p-8,2,2,2 + pyrazolide-no2[4]",H
1479,"p-8,2,2,2 + pyrrolide-cn[2]",H
1480,"p-8,4,4,4 + bf4",H
1481,"p-8,4,4,4 + bmb",H
1482,"p-8,4,4,4 + bscb",H
1483,"p-8,4,4,4 + cl",H
1484,"p-8,4,4,4 + dca",H
1485,"p-8,4,4,4 + ntf2",H
1486,"p-8,4,4,4 + otf",H
1487,"p-8,4,4,4 + pf6",H
1488,"p-8,4,4,4 + po2-o8i,o8i",H
1489,"p-8,4,4,4 + scn",H
1490,"p-8,4,4,4 + so3-ph1",H
1491,"p-8,4,4,4 + tfa",H
1492,"p-8,6,6,6 + acsul",H
1493,"p-8,8,8,1 + ntf2",H
1494,"p-8,8,8,3 + cl",H
1495,"p-8,8,8,4 + cl",H
1496,"p-8,8,8,5 + cl",H
1497,"p-8,8,8,6 + cl",H
1498,"p-8,8,8,7 + cl",H
1499,"p-8,8,8,8 + br",H
1500,"p-8,8,8,8 + cl",H
1501,"p-8,8,8,8 + ntf2",H
1502,"p-8,8,8,8 + po2-o8i,o8i",H
1503,"p-8,8,8,8 + tb",H
1504,"p-9,2,2,2 + pyrazolide-no2[4]",H
1505,"p-9,8,8,8 + cl",H
1506,"p-a,1,1,1 + ntf2",L
1507,"p-a,1,1,1 + tfa",L
1508,"p-a,4,4,4 + ntf2",L
1509,pip-1 + bf4,L
1510,pip-1 + tfa-2[f],L
1511,pip-1 + tfa-4[f],L
1512,pip-1 + tfa-6[f],H
1513,pip-1 + tfa,L
1514,"pip-1cn,1 + ntf2",H
1515,"pip-1coo1,2 + ntf2",H
1516,"pip-1o1,1 + ntf2",L
1517,"pip-1o1,2 + ntf2",L
1518,"pip-2,1 + po3h-2",L
1519,"pip-2,1 + so4-2",H
1520,"pip-2o1,1,1[3] + ntf2",L
1521,"pip-2o1,1,1[3] + otf",H
1522,"pip-2o1,1,1[3] + tfa",H
1523,"pip-2o1,1 + bf3-1[f]",H
1524,"pip-2o1,1 + bf3-2[f]",L
1525,"pip-2o1,1 + bf3-3[f]",L
1526,"pip-2o1,1 + bf3-4[f]",L
1527,"pip-2o1,1 + bf4",H
1528,"pip-2o1,1 + fap",L
1529,"pip-2o1,1 + ntf2",L
1530,"pip-2o1,1 + otf",H
1531,"pip-2o1,1 + tfa",H
1532,"pip-2o1,2 + ntf2",L
1533,"pip-2o1,2o1 + ntf2",L
1534,"pip-2o1,2o2 + ntf2",L
1535,"pip-2oh,1 + ntf2",L
1536,"pip-2oh,2 + ntf2",L
1537,"pip-3(1[f]),1 + ntf2",H
1538,"pip-3,1 + c1c2",H
1539,"pip-3,1 + fsa",L
1540,"pip-3,1 + npfso2f",L
1541,"pip-3,1 + ntf2",L
1542,"pip-3,1 + tfesi",H
1543,"pip-3,1 + tsac",L
1544,"pip-3cn,1 + ntf2",H
1545,"pip-3cn,1 + scn",H
1546,"pip-3oh,1 + ntf2",L
1547,"pip-3oh,1 + scn",H
1548,"pip-3oh,2 + ntf2",H
1549,"pip-4,1,1[3] + ntf2",H
1550,"pip-4,1 + bf3-1[f]",H
1551,"pip-4,1 + dca",L
1552,"pip-4,1 + ntf2",L
1553,"pip-4,1 + otf",L
1554,"pip-4,1 + po3h-4",L
1555,"pip-4,1 + scn",H
1556,"pip-4,1 + tcb",L
1557,"pip-4,2 + ntf2",H
1558,"pip-4i,1 + ntf2",L
1559,"pip-5,1 + ntf2",H
1560,"pip-5,2 + ntf2",H
1561,"pip-6,1,1[3] + ntf2",H
1562,"pip-6,1 + ntf2",H
1563,"pip-6,1 + po3h-6",H
1564,"pip-7,1 + ntf2",H
1565,"pip-8,1 + ntf2",H
1566,"pip-8,1 + po3h-8",L
1567,"pip-[2o]21,1,1[3] + ntf2",L
1568,"pip-[2o]21,1,1[3] + otf",H
1569,"pip-[2o]21,1,1[3] + tfa",H
1570,"pip-[2o]21,1 + ntf2",L
1571,"pip-[2o]21,[2o]21 + ntf2",H
1572,"pip-a,1 + ntf2",L
1573,"pip-a,a + ntf2",L
1574,pip + ntf2,L
1575,"pipz-2,2 + so4-1,3[f],chf2",H
1576,pipz-2 + 1ac,H
1577,"pphin-4,1 + ntf2",L
1578,"pphin-ph,4 + ntf2",L
1579,"pphol-4,1 + ntf2",L
1580,"pphol-ph,4 + ntf2",H
1581,py(D)-2D + fap,L
1582,"py-1,1[3] + so4-1",L
1583,"py-1,2[2] + so4-1",H
1584,"py-10,py[4] + ntf2",L
1585,py-10 + fecl4,H
1586,py-10 + ntf2,H
1587,py-10cn + ntf2,H
1588,py-12 + ntf2,H
1589,py-16 + ntf2,L
1590,py-1[4] + hso4,H
1591,py-1 + so4-1,L
1592,py-1ch + ntf2,L
1593,"py-1cn,1[2],1[5] + ntf2",H
1594,"py-1cn,1[3] + ntf2",L
1595,"py-1cn,1[4] + ntf2",H
1596,py-1coo2 + ntf2,H
1597,"py-1o1,dma[4] + ntf2",L
1598,"py-1o2,dma[4] + ntf2",L
1599,"py-1o3,dma[4] + ntf2",L
1600,"py-1o4,dma[4] + ntf2",L
1601,"py-1o5,dma[4] + ntf2",L
1602,"py-1o6,dma[4] + ntf2",L
1603,"py-1o7,dma[4] + ntf2",L
1604,"py-1o8,dma[4] + ntf2",L
1605,"py-1o9,dma[4] + ntf2",L
1606,"py-1ph,1[2] + ntf2",L
1607,"py-1ph,1[3] + ntf2",L
1608,"py-1ph,1[4] + ntf2",L
1609,py-1ph + ntf2,L
1610,"py-2,1[2] + ntf2",L
1611,"py-2,1[3] + ntf2",L
1612,"py-2,1[3] + so3-4[f]",H
1613,"py-2,1[3] + so4-2",L
1614,"py-2,1[3] + tfa-3[f]",H
1615,"py-2,1[4] + ntf2",L
1616,"py-2,1[4] + so3-4[f]",H
1617,"py-2,1[f][3] + ntf2",L
1618,"py-2,1[f][4] + ntf2",L
1619,"py-2,2[2] + ntf2",L
1620,"py-2,2[2] + so4-2",H
1621,"py-2,3[2] + ntf2",L
1622,"py-2,4[2] + ntf2",L
1623,"py-2,5[2] + ntf2",L
1624,"py-2,6[2] + ntf2",L
1625,"py-2,7[2] + ntf2",L
1626,"py-2,8[2] + ntf2",H
1627,"py-2,cn[2] + ntf2",H
1628,"py-2,cn[2] + so4-2",H
1629,"py-2,cn[3] + ntf2",L
1630,"py-2,cn[3] + so4-2",H
1631,"py-2,cn[4] + ntf2",L
1632,"py-2,cn[4] + so4-2",H
1633,"py-2,coo2[3] + so4-2",H
1634,py-2 + dca,L
1635,py-2 + fap,L
1636,py-2 + ntf2,L
1637,py-2 + otf,L
1638,"py-2 + so4-1,3[f],chf2",H
1639,py-2 + so4-2,L
1640,py-2cn + ntf2,H
1641,py-2o1 + ntf2,L
1642,py-2oh + dca,L
1643,py-2oh + ntf2,H
1644,"py-3,1[3] + ntf2",L
1645,"py-3,1[3] + pf6",L
1646,py-3 + bf4,L
1647,py-3 + ntf2,L
1648,"py-3cn,1[2],1[5] + ntf2",L
1649,"py-3cn,1[2] + ntf2",H
1650,"py-3cn,1[3] + ntf2",L
1651,"py-3cn,1[4] + ntf2",H
1652,"py-3cn,2[2] + ntf2",L
1653,"py-3cn,2[4] + ntf2",H
1654,"py-3cn,coo1[3] + ntf2",H
1655,py-3cn + dca,L
1656,py-3cn + ntf2,H
1657,py-3oh + ntf2,L
1658,"py-4,1[2],1[3] + ntf2",H
1659,"py-4,1[2] + bf4",H
1660,"py-4,1[2] + ntf2",L
1661,"py-4,1[3],1[5] + ntf2",L
1662,"py-4,1[3] + bf4",H
1663,"py-4,1[3] + ccn3",L
1664,"py-4,1[3] + dca",L
1665,"py-4,1[3] + fap",L
1666,"py-4,1[3] + ntf2",H
1667,"py-4,1[3] + otf",L
1668,"py-4,1[3] + tcb",L
1669,"py-4,1[3] + tdi",H
1670,"py-4,1[4] + alcl4",L
1671,"py-4,1[4] + bf4",H
1672,"py-4,1[4] + ccn3",L
1673,"py-4,1[4] + ntf2",L
1674,"py-4,1[4] + scn",L
1675,"py-4,cn[3] + ntf2",H
1676,"py-4,cn[4] + ntf2",H
1677,"py-4,coo4[3] + ntf2",H
1678,"py-4,dma[4] + ntf2",H
1679,py-4 + al(ohfip)4,L
1680,py-4 + alcl4,L
1681,py-4 + bf4,H
1682,py-4 + dca,L
1683,py-4 + no3,L
1684,py-4 + ntf2,L
1685,py-4 + otf,L
1686,py-4 + scn,L
1687,"py-4 + so4-1,3[f],chf2",H
1688,"py-4i,1[3] + ntf2",L
1689,py-4so3h + hso4,H
1690,py-4so3h + otf,H
1691,py-5 + ntf2,L
1692,"py-5cn,1[2] + ntf2",H
1693,"py-5cn,1[3] + ntf2",L
1694,"py-5cn,1[4] + ntf2",L
1695,py-5cn + ntf2,L
1696,"py-6,1[3],1[5] + ntf2",H
1697,"py-6,1[3],dma[4] + ntf2",H
1698,"py-6,1[3] + ntf2",L
1699,"py-6,1[4] + alcl4",L
1700,"py-6,1[4] + ntf2",L
1701,"py-6,2[2],1[3],1[5] + ntf2",H
1702,"py-6,3[2],2[3],2[5] + ntf2",H
1703,"py-6,cn[3] + ntf2",H
1704,"py-6,cn[4] + ntf2",H
1705,"py-6,dma[4] + ntf2",H
1706,py-6 + alcl4,L
1707,py-6 + bf4,H
1708,py-6 + ntf2,L
1709,py-6 + scn,L
1710,py-7 + ntf2,L
1711,"py-8,1[2],1[3] + ntf2",H
1712,"py-8,1[2] + ntf2",H
1713,"py-8,1[3],1[5] + ntf2",H
1714,"py-8,1[3] + alcl4",L
1715,"py-8,1[3] + bf4",H
1716,"py-8,1[3] + ntf2",H
1717,"py-8,1[4] + alcl4",L
1718,"py-8,1[4] + bf4",H
1719,"py-8,1[4] + ntf2",L
1720,"py-8,1[4] + otf",H
1721,"py-8,cn[3] + ntf2",H
1722,"py-8,cn[4] + ntf2",H
1723,py-8 + alcl4,L
1724,py-8 + bf4,H
1725,py-8 + ntf2,H
1726,py-8 + scn,L
1727,py-[2o]21 + cl,H
1728,py-[2o]21 + ntf2,L
1729,py-[2o]31 + cl,H
1730,py-[2o]31 + ntf2,L
1731,py-[2o]41 + cl,H
1732,"py-moxm,1[2] + ntf2",H
1733,"py-moxm,4t[3] + ntf2",H
1734,py-moxm + ntf2,H
1735,py + 1ac,L
1736,py + ac,L
1737,py + for,L
1738,pyr-1(o)pyr + ntf2,L
1739,"pyr-1,1 + im41",H
1740,"pyr-1,1 + tsac",L
1741,"pyr-10,1 + ntf2",L
1742,pyr-1 + bf4,L
1743,pyr-1 + for,L
1744,pyr-1 + hso4,H
1745,"pyr-1ch,1 + ntf2",H
1746,"pyr-1dmsodmsph,1 + ntf2",L
1747,"pyr-1o1,1 + bf3-1[f]",L
1748,"pyr-1o1,1 + bf3-2[f]",L
1749,"pyr-1o1,1 + bf4",L
1750,"pyr-1o1,1 + fsa",L
1751,"pyr-1o1,1 + ntf2",L
1752,"pyr-1ph,1 + ntf2",H
1753,"pyr-2,1 + dca",L
1754,"pyr-2,1 + po3h-2",H
1755,"pyr-2,1 + so4-2",L
1756,"pyr-2o1,1 + bf3-1[f]",L
1757,"pyr-2o1,1 + bf3-2[f]",L
1758,"pyr-2o1,1 + bf3-3[f]",L
1759,"pyr-2o1,1 + bf3-4[f]",L
1760,"pyr-2o1,1 + bf4",H
1761,"pyr-2o1,1 + fap",L
1762,"pyr-2o1,1 + fsa",L
1763,"pyr-2o1,1 + im41",H
1764,"pyr-2o1,1 + npf2",H
1765,"pyr-2o1,1 + ntf2",L
1766,"pyr-2o1,1 + ntfso2f",H
1767,"pyr-2o1,2o1 + ntf2",L
1768,"pyr-2o1,2o2 + ntf2",L
1769,"pyr-2o2,1 + br",H
1770,"pyr-2o2,1 + dca",H
1771,"pyr-2o2,1 + ntf2",L
1772,"pyr-2oh,1 + dca",L
1773,"pyr-2oh,1 + ntf2",H
1774,"pyr-2ono2,1 + dca",L
1775,"pyr-3(1[f]),1 + ntf2",H
1776,"pyr-3,1 + bf3-2[f]o1[f]",L
1777,"pyr-3,1 + dca",L
1778,"pyr-3,1 + fsa",L
1779,"pyr-3,1 + im41",H
1780,"pyr-3,1 + npf2",H
1781,"pyr-3,1 + npfso2f",L
1782,"pyr-3,1 + ntf2",L
1783,"pyr-3,1 + ntfso2f",H
1784,"pyr-3,1 + tfesi",H
1785,"pyr-3[oh]2,1 + ntf2",H
1786,"pyr-3cn,1 + scn",H
1787,"pyr-3oh,1 + ntf2",L
1788,"pyr-3oh,1 + scn",H
1789,"pyr-4,1 + ac",L
1790,"pyr-4,1 + al(ohfip)4",L
1791,"pyr-4,1 + bf3-1[f]",L
1792,"pyr-4,1 + bf3-2[f]",L
1793,"pyr-4,1 + ccn3",L
1794,"pyr-4,1 + dca",L
1795,"pyr-4,1 + fap",H
1796,"pyr-4,1 + fpi",H
1797,"pyr-4,1 + fsa",L
1798,"pyr-4,1 + im41",H
1799,"pyr-4,1 + nms2",H
1800,"pyr-4,1 + npf2",H
1801,"pyr-4,1 + ntf2",L
1802,"pyr-4,1 + ntfso2f",H
1803,"pyr-4,1 + otf",H
1804,"pyr-4,1 + po3h-4",H
1805,"pyr-4,1 + scn",L
1806,"pyr-4,1 + so4-2",H
1807,"pyr-4,1 + so4-4",H
1808,"pyr-4,1 + tcb",L
1809,"pyr-4,2 + so4-2",L
1810,pyr-4 + ntf2,L
1811,"pyr-4i,1 + ntf2",L
1812,"pyr-5,1 + ntf2",L
1813,"pyr-6,1 + dca",L
1814,"pyr-6,1 + ntf2",L
1815,"pyr-6,1 + po3h-6",H
1816,"pyr-6nh2,1 + fap",H
1817,"pyr-7,1 + ntf2",L
1818,"pyr-8,1 + ntf2",L
1819,"pyr-8,1 + po3h-8",L
1820,"pyr-[2o]21,1 + ntf2",L
1821,"pyr-[2o]21,[2o]21 + ntf2",H
1822,"pyr-a,1 + dca",L
1823,"pyr-a,1 + no3",H
1824,"pyr-a,1 + ntf2",L
1825,"pyr-a,1 + scn",L
1826,"pyr-a,a + ntf2",L
1827,pyr-coo1[2] + no3,L
1828,pyr + 4ac,L
1829,pyr + 6ac,L
1830,pyr + 7ac,L
1831,pyr + ac,L
1832,pyr + for,L
1833,pyr + hso4,H
1834,pyr + no3,L
1835,pyr + ntf2,L
1836,"pyr + po2-o4,o4",L
1837,pyr + sac,H
1838,pyr + tfa-2[f],L
1839,pyr + tfa,L
1840,"pyrl-1,o2 + ntf2",L
1841,"pyrl-1,o2 + otf",L
1842,"pyrl-2,o1 + ntf2",L
1843,"pyrl-2,o1 + otf",L
1844,"pyrl-2,o2 + ntf2",L
1845,"pyrl-2,o2 + otf",L
1846,pyrl-3 + ntf2,L
1847,pyrl-4 + ntf2,L
1848,"pyrro-1,1 + br",L
1849,"pyrro-10,1 + br",L
1850,"pyrro-12,1 + br",L
1851,"pyrro-14,1 + br",L
1852,"pyrro-16,1 + br",L
1853,"pyrro-18,1 + br",L
1854,pyrro-1 + 1ac,L
1855,pyrro-1 + 2ac,L
1856,pyrro-1 + 3ac,L
1857,pyrro-1 + 4ac,L
1858,pyrro-1 + ac,L
1859,pyrro-1 + bf4,L
1860,pyrro-1 + for,L
1861,"pyrro-1epoxy,1 + ac",L
1862,"pyrro-1epoxy,1 + cl",L
1863,pyrro + 4ac,L
1864,pyrro + ac,L
1865,pyrro + bf4,H
1866,pyrro + for,L
1867,pyrro + tfa-2[f],L
1868,pyrro + tfa,L
1869,"pz-2,1 + dca",L
1870,"pz-2o1,1,1[3],1[5] + ntf2",L
1871,"pz-2o1,1 + dca",L
1872,"pz-2o1,2,1[3],1[5] + ntf2",L
1873,"pz-2o1,2 + dca",L
1874,"pz-2o2,1 + dca",L
1875,"pz-2o2,2 + dca",L
1876,"pz-3,1,1[3],1[5] + ntf2",L
1877,"pz-4,1,1[3],1[5] + dca",L
1878,"pz-4,1,1[3],1[5] + ntf2",L
1879,"pz-4,1 + dca",L
1880,"pz-4,1 + ntf2",L
1881,"pz-ph,1,1[3],1[5] + so3-1",H
1882,"pz-ph,4,1[3],1[5] + so3-1",H
1883,"pz-ph,5,1[3],1[5] + bf4",H
1884,"pz-ph,5,1[3],1[5] + so3-1",H
1885,"pz-ph,6,1[3],1[5] + bf4",H
1886,"pz-ph,6,1[3],1[5] + so3-1",H
1887,"pz-ph,7,1[3],1[5] + so3-1",H
1888,"qu-1,1 + ntf2",L
1889,"qu-2,2 + ntf2",L
1890,quin-6 + ntf2,L
1891,quini-18 + tfpb,H
1892,quini-4 + ntf2,L
1893,quini-6 + scn,H
1894,quini-8 + fsa,H
1895,quini-8 + ntf2,H
1896,quini-8 + scn,H
1897,"s-1,1,1 + dca",L
1898,"s-1,1,1 + ntf2",L
1899,"s-1cch,1,1 + ntf2",L
1900,"s-1coo2,1,1 + ntf2",H
1901,"s-2,1,1 + dca",L
1902,"s-2,1,1 + ntf2",L
1903,"s-2,2,1 + dca",L
1904,"s-2,2,1 + ntf2",L
1905,"s-2,2,2 + c1c2",L
1906,"s-2,2,2 + dca",L
1907,"s-2,2,2 + ntf2",L
1908,"s-2,2,2 + tsac",L
1909,"s-3,1,1 + ntf2",L
1910,"s-3,2,1 + ntf2",L
1911,"s-3,2,2 + ntf2",L
1912,"s-3,3,1 + dca",L
1913,"s-3,3,2 + dca",L
1914,"s-4,1,1 + ntf2",L
1915,"s-4,2,1 + ntf2",L
1916,"s-4,2,2 + ntf2",L
1917,"s-4,4,1 + dca",H
1918,"s-4,4,2 + dca",H
1919,"s-4,4,4 + ntf2",L
1920,"s-5,1,1 + ntf2",L
1921,"s-5,2,1 + ntf2",L
1922,"s-5,2,2 + ntf2",L
1923,"tetraz-1,s2[5] + po2-o2,o2",L
1924,tht-1 + dca,L
1925,tht-2 + dca,H
1926,tht-2 + no3,L
1927,tht-3 + ntf2,L
1928,tht-4 + dca,H
1929,tht-4 + ntf2,L
1930,tht-5 + ntf2,L
1931,thtp-3 + ntf2,L
1932,thtp-4 + ntf2,L
1933,thtp-5 + ntf2,L
1934,"thz-1coo2,1[4] + ntf2",H
1935,"thz-1ph,1[4] + ntf2",H
1936,"thz-1ph,2oh[5],1[4] + ntf2",H
1937,"thz-2,2oh[5],1[4] + ntf2",H
1938,"thz-2oh,1[4] + ntf2",H
1939,"thz-4,1[4] + ntf2",L
1940,"trz123-10,1 + ntf2",L
1941,"trz123-12,1 + ntf2",L
1942,"trz123-4,1 + ntf2",L
1943,"trz123-6,1 + ntf2",L
1944,"trz123-8,1 + ntf2",L
1945,"trz124-10,1 + ntf2",H
1946,"trz124-12,1 + ntf2",H
1947,"trz124-2,1 + ntf2",L
1948,"trz124-3,1 + bf4",L
1949,"trz124-3,1 + i",H
1950,"trz124-3,1 + no3",H
1951,"trz124-3,1 + ntf2",L
1952,"trz124-3,1 + otf",L
1953,"trz124-3,1 + so3-1",H
1954,"trz124-3,1 + so3-ph1",H
1955,"trz124-4,1 + ntf2",L
1956,"trz124-4so3h,5 + otf",L
1957,"trz124-4so3h,5 + tfa",L
1958,"trz124-6,1 + ntf2",L
1959,"trz124-8,1 + ntf2",L
1960,"turea-2,(1,0),(1,0) + so4-2",H
1961,"turea-2,(2,0),(2,0) + ntf2",L
1962,"turea-2,(2,0),(2,0) + so4-2",H
1963,turea-2 + so4-2,H
1964,"turea-4,(1,0),(1,0) + ntf2",L
1965,"turea-4,(1,1),(1,1) + ntf2",L
1966,"turea-4,(2,0),(2,0) + ntf2",L
1967,turea-4 + ntf2,L
1968,"turea-6,(1,0),(1,0) + ntf2",L
1969,"turea-6,(1,1),(1,1) + ntf2",L
1970,turea-6 + ntf2,L
1971,"turea-8,(1,0),(1,0) + ntf2",L
1972,"turea-8,(1,1),(1,1) + ntf2",L
1973,"turea-8,(2,0),(2,0) + ntf2",H
1974,turea-8 + ntf2,H
