"ID","Label"
"1","azp-2o1,1 + ntf2"
"2","azp-2o1,1 + otf"
"3","azp-2o1,1 + tfa"
"4","azp-2o1,2o1 + ntf2"
"5","azp-4,1 + ntf2"
"6","azp-6,1 + ntf2"
"7","azp-[2o]21,1 + ntf2"
"8","azp-[2o]21,1 + otf"
"9","azp-[2o]21,1 + tfa"
"10","azp-[2o]21,[2o]21 + ntf2"
"11","bim-4,2 + h2po4"
"12","bthz-s2[2] + po2-o2,o2"
"13","cap-1,o2 + ntf2"
"14","cap-1,o2 + otf"
"15","cguad-(2,1),1,1 + ntf2"
"16","cguad-(2,2),1,1 + ntf2"
"17","cguad-(3,1),1,1 + ntf2"
"18","cprop-(n-10,10),(n-10,10),(n-10,10) + dca"
"19","cprop-(n-10,10),(n-10,10),(n-10,10) + ntf2"
"20","cprop-(n-2,1),(n-1,1),(n-1,1) + ntf2"
"21","cprop-(n-2,1),(n-2,1),(n-2,1) + ntf2"
"22","cprop-(n-2,2),(n-1,1),(n-1,1) + ntf2"
"23","cprop-(n-2,2),(n-2,2),(n-1,1) + dca"
"24","cprop-(n-2,2),(n-2,2),(n-1,1) + ntf2"
"25","cprop-(n-2,2),(n-2,2),(n-2,2) + dca"
"26","cprop-(n-2,2),(n-2,2),(n-2,2) + ntf2"
"27","cprop-(n-3,1),(n-1,1),(n-1,1) + dca"
"28","cprop-(n-3,1),(n-1,1),(n-1,1) + ntf2"
"29","cprop-(n-3,3),(n-1,1),(n-1,1) + ntf2"
"30","cprop-(n-3,3),(n-3,3),(n-3,3) + dca"
"31","cprop-(n-3,3),(n-3,3),(n-3,3) + ntf2"
"32","cprop-(n-4,1),(n-1,1),(n-1,1) + dca"
"33","cprop-(n-4,1),(n-1,1),(n-1,1) + ntf2"
"34","cprop-(n-4,1),(n-2,2),(n-2,2) + dca"
"35","cprop-(n-4,1),(n-2,2),(n-2,2) + ntf2"
"36","cprop-(n-4,1),(n-4,1),(n-4,1) + dca"
"37","cprop-(n-4,1),(n-4,1),(n-4,1) + ntf2"
"38","cprop-(n-4,4),(n-1,1),(n-1,1) + ntf2"
"39","cprop-(n-4,4),(n-2,2),(n-2,2) + dca"
"40","cprop-(n-4,4),(n-2,2),(n-2,2) + ntf2"
"41","cprop-(n-4,4),(n-4,4),(n-4,4) + dca"
"42","cprop-(n-4,4),(n-4,4),(n-4,4) + ntf2"
"43","cprop-(n-5,5),(n-5,5),(n-5,5) + dca"
"44","cprop-(n-5,5),(n-5,5),(n-5,5) + ntf2"
"45","cprop-(n-6,1),(n-1,1),(n-1,1) + ntf2"
"46","cprop-(n-6,1),(n-2,2),(n-2,2) + dca"
"47","cprop-(n-6,1),(n-2,2),(n-2,2) + ntf2"
"48","cprop-(n-6,6),(n-1,1),(n-1,1) + ntf2"
"49","cprop-(n-6,6),(n-2,2),(n-2,2) + dca"
"50","cprop-(n-6,6),(n-2,2),(n-2,2) + ntf2"
"51","cprop-(n-6,6),(n-6,6),(n-6,6) + dca"
"52","cprop-(n-6,6),(n-6,6),(n-6,6) + ntf2"
"53","dabco-6 + ntf2"
"54","dbu-10 + dca"
"55","dbu-10 + scn"
"56","dbu-14 + dca"
"57","dbu-2 + dca"
"58","dbu-4 + dca"
"59","dbu-4 + imidazolide"
"60","dbu-6 + dca"
"61","dbu-6 + scn"
"62","dbu-8 + dca"
"63","dbu-8 + scn"
"64","dbu + ac"
"65","dbu + imidazolide"
"66","dbu + otf"
"67","dbu + so3-1"
"68","dbu + tfa"
"69","epslac + 4ac"
"70","epslac + ac"
"71","epslac + bf4"
"72","epslac + for"
"73","epslac + tfa"
"74","guad-(1,1),(1,1),(1,1) + la"
"75","guad-(1,1),(1,1),2 + ntf2"
"76","guad-(1,1),(1,1),2 + so4-2"
"77","guad-(1,1),(1,1) + imidazolide"
"78","guad-(1,1),(1,1) + phen"
"79","guad-(1,1),(1,1) + tfe"
"80","guad-(2,1),(1,1),(1,1) + ntf2"
"81","guad-(2,2),(1,1),(1,1) + ntf2"
"82","guad-(2,2),(1,1),(1,1) + so4-2"
"83","guad-(2o1,2o1),(1,1),(1,1) + ntf2"
"84","guad-(2o2,2o1),(1,1),(1,1) + ntf2"
"85","guad-(3,1),(1,1),(1,1) + ntf2"
"86","guad-(3,2),(1,1),(1,1) + ntf2"
"87","guad-(3,3),(1,1),(1,1) + ntf2"
"88","guad-(4,1),(1,1),(1,1) + ntf2"
"89","guad-(4,2),(1,1),(1,1) + ntf2"
"90","guad-(4,3),(1,1),(1,1) + ntf2"
"91","guad-(4,4),(1,1),(1,1) + ntf2"
"92","guad-(6,6),(1,1),(1,1) + ccn3"
"93","guad-(6,6),(6,6),(1,1) + dca"
"94","guad-(6,6),(6,6),(1,1) + ntf2"
"95","guad-(6,6),(6,6),(1,1) + otf"
"96","guad-(6,6),(6,6),(1,1) + sac"
"97","guad-(6,6),(6,6),(1,1) + so3-ph1"
"98","guad-(6,6),(6,6),(1,1) + tfa"
"99","im-1(1[f]),1 + ntf2"
"100","im-1(chbr,ch2br),(chbr,ch2br) + ntf2"
"101","im-1(chbr,ch2br),1(chbr,ch2br) + ntf2"
"102","im-1(chbr,ch2br),1,br[4],br[5] + ntf2"
"103","im-1(chbr,ch2br),1 + ntf2"
"104","im-1,1,1o2 + ntf2"
"105","im-1,1,1o3 + ntf2"
"106","im-1,1[2] + ntf2"
"107","im-1,1 + bf3-1[f]"
"108","im-1,1 + bf3-2[f]"
"109","im-1,1 + bf3-3[f]"
"110","im-1,1 + dca"
"111","im-1,1 + ntf2"
"112","im-1,1 + po2-o1,o1"
"113","im-1,1 + so4-1"
"114","im-1,s2[2] + ntf2"
"115","im-1,s2[2] + otf"
"116","im-1,s2[2] + pf6"
"117","im-1,s4[2] + ntf2"
"118","im-1,s4[2] + otf"
"119","im-1,s4[2] + po2-o4,o4"
"120","im-10,1,1 + ntf2"
"121","im-10,10 + ac"
"122","im-10,10 + no3"
"123","im-10,10 + ntf2"
"124","im-10,10 + po2-o8i,o8i"
"125","im-10,1 + al(ohfip)4"
"126","im-10,1 + bf4"
"127","im-10,1 + cl"
"128","im-10,1 + dca"
"129","im-10,1 + fpi"
"130","im-10,1 + npf2"
"131","im-10,1 + ntf2"
"132","im-10,1 + otf"
"133","im-10,1 + phen"
"134","im-10,1 + sac"
"135","im-10,1 + scn"
"136","im-10,1 + so3-4[f]"
"137","im-10,1 + tcb"
"138","im-11,1 + ntf2"
"139","im-12,12 + ntf2"
"140","im-12,1 + ntf2"
"141","im-12,1 + so3-4[f]"
"142","im-14,1 + ntf2"
"143","im-16,1 + ntf2"
"144","im-18,1 + fpi"
"145","im-1 + ac"
"146","im-1 + hso4"
"147","im-1 + npf2"
"148","im-1 + ntf2"
"149","im-1cch,1 + bf3-3icn"
"150","im-1cch,1 + ntf2"
"151","im-1cch,1cch + bf3-3icn"
"152","im-1ch,1 + ntf2"
"153","im-1cn,1 + ntf2"
"154","im-1conh4,2 + ntf2"
"155","im-1coo2,1 + ntf2"
"156","im-1coo2,1 + scn"
"157","im-1cooh,1 + bf4"
"158","im-1cooh,1 + pf6"
"159","im-1cp,1 + ntf2"
"160","im-1dmsodmsph,1 + ntf2"
"161","im-1dmsodphs1,1 + ntf2"
"162","im-1dmsotms,1 + ntf2"
"163","im-1dmsph,1 + ntf2"
"164","im-1o1,1,1 + ntf2"
"165","im-1o1,1,2 + ntf2"
"166","im-1o1,1 + bf3-1[f]"
"167","im-1o1,1 + bf3-2[f]"
"168","im-1o1,1 + ntf2"
"169","im-1o1,2,2 + ntf2"
"170","im-1o1,2 + ntf2"
"171","im-1o1,3,1 + ntf2"
"172","im-1o1,3,2 + ntf2"
"173","im-1o1,3 + ntf2"
"174","im-1o1,4,1 + ntf2"
"175","im-1o1,4,2 + ntf2"
"176","im-1o1,4 + ntf2"
"177","im-1o2,1 + ntf2"
"178","im-1o2,2 + ntf2"
"179","im-1o2,3 + ntf2"
"180","im-1o2,4 + ntf2"
"181","im-1o3,1o3 + bf4"
"182","im-1o3,1o3 + ntf2"
"183","im-1o4,1o4 + bf4"
"184","im-1o4,1o4 + ntf2"
"185","im-1o5,1o5 + bf4"
"186","im-1o5,1o5 + ntf2"
"187","im-1o6,1o6 + ntf2"
"188","im-1o7,1o7 + ntf2"
"189","im-1o8,1o8 + ntf2"
"190","im-1ph,1[2] + npf2"
"191","im-1ph,1[2] + ntf2"
"192","im-1ph,1 + alcl4"
"193","im-1ph,1 + cl"
"194","im-1ph,1 + dca"
"195","im-1ph,1 + ntf2"
"196","im-1ph,1 + sac"
"197","im-1ph,1 + so4-1"
"198","im-1ph,1ph + dca"
"199","im-1ph,1ph + scn"
"200","im-1tms,1,1 + ntf2"
"201","im-1tms,1,1o4 + ntf2"
"202","im-1tms,1 + ntf2"
"203","im-2(2[f]),1 + ntf2"
"204","im-2(4[f]),1 + ntf2"
"205","im-2(6[f]),1 + ntf2"
"206","im-2(cfbr,cf2br),1(chbr,ch2br) + ntf2"
"207","im-2(cfbr,cf2br),1 + ntf2"
"208","im-2,1,1[5] + ntf2"
"209","im-2,1,1[5] + otf"
"210","im-2,1,1 + al(ohfip)4"
"211","im-2,1,1 + h2po4"
"212","im-2,1,1 + hso4"
"213","im-2,1,1 + ntf2"
"214","im-2,1,1 + ph-coo[1],oh[2]"
"215","im-2,1,1o2 + ntf2"
"216","im-2,1,1o3 + ntf2"
"217","im-2,1,s1 + ntf2"
"218","im-2,1,s3 + ntf2"
"219","im-2,1,s3i + ntf2"
"220","im-2,1,s8 + ntf2"
"221","im-2,1D + fap"
"222","im-2,1D + so4-1D"
"223","im-2,1D + tcb"
"224","im-2,1[2] + bf4"
"225","im-2,1[2] + npf2"
"226","im-2,1[2] + ntf2"
"227","im-2,1 + ac"
"228","im-2,1 + al(ohfip)4"
"229","im-2,1 + al2cl7"
"230","im-2,1 + ala"
"231","im-2,1 + alcl4"
"232","im-2,1 + bcn3-1[f]"
"233","im-2,1 + bcn3-2[f]"
"234","im-2,1 + bf2cn-1[f]"
"235","im-2,1 + bf2cn-2[f]"
"236","im-2,1 + bf2cn-3[f]"
"237","im-2,1 + bf2cn-4[f]"
"238","im-2,1 + bf2cn2"
"239","im-2,1 + bf2ox"
"240","im-2,1 + bf3-1"
"241","im-2,1 + bf3-1[f]"
"242","im-2,1 + bf3-2"
"243","im-2,1 + bf3-2[f]"
"244","im-2,1 + bf3-2[f]o1[f]"
"245","im-2,1 + bf3-3"
"246","im-2,1 + bf3-3[f]"
"247","im-2,1 + bf3-4"
"248","im-2,1 + bf3-4[f]"
"249","im-2,1 + bf3-5"
"250","im-2,1 + bf3-v"
"251","im-2,1 + bf3cn"
"252","im-2,1 + bf4"
"253","im-2,1 + bfcn2-1[f]"
"254","im-2,1 + bfcn2-2[f]"
"255","im-2,1 + bfcn3"
"256","im-2,1 + c1c2"
"257","im-2,1 + ccn3"
"258","im-2,1 + cl"
"259","im-2,1 + conco4"
"260","im-2,1 + coscn4"
"261","im-2,1 + dca"
"262","im-2,1 + fap"
"263","im-2,1 + fecl4"
"264","im-2,1 + fpi"
"265","im-2,1 + fsa"
"266","im-2,1 + fso3"
"267","im-2,1 + gacl4"
"268","im-2,1 + gly"
"269","im-2,1 + hso4"
"270","im-2,1 + im41"
"271","im-2,1 + imidazolide"
"272","im-2,1 + moof5"
"273","im-2,1 + nbf6"
"274","im-2,1 + nms2"
"275","im-2,1 + npf2"
"276","im-2,1 + npfso2f"
"277","im-2,1 + ntf2"
"278","im-2,1 + otf"
"279","im-2,1 + pf6"
"280","im-2,1 + ph-coo[1],oh[2]"
"281","im-2,1 + phen"
"282","im-2,1 + po2-1,o1"
"283","im-2,1 + po2-o1,o1"
"284","im-2,1 + po2-o2,o2"
"285","im-2,1 + pro"
"286","im-2,1 + sbf6"
"287","im-2,1 + scn"
"288","im-2,1 + ser"
"289","im-2,1 + so3-1"
"290","im-2,1 + so3-2[f]"
"291","im-2,1 + so3-4[f]"
"292","im-2,1 + so4-1,3[f],chf2"
"293","im-2,1 + so4-1"
"294","im-2,1 + so4-2"
"295","im-2,1 + so4-4"
"296","im-2,1 + so4-6"
"297","im-2,1 + so4-8"
"298","im-2,1 + taf6"
"299","im-2,1 + tau"
"300","im-2,1 + tca-1"
"301","im-2,1 + tca-1cn"
"302","im-2,1 + tca-o1"
"303","im-2,1 + tca"
"304","im-2,1 + tcb"
"305","im-2,1 + tetrazolide"
"306","im-2,1 + tfa-2[f]"
"307","im-2,1 + tfa-3[f]"
"308","im-2,1 + tfa"
"309","im-2,1 + tfes"
"310","im-2,1 + tfesi"
"311","im-2,1 + triazolide"
"312","im-2,1 + tsac"
"313","im-2,1 + wf7"
"314","im-2,1 + wof5"
"315","im-2,1o2,1 + ntf2"
"316","im-2,2,1[5] + ntf2"
"317","im-2,2,1 + ntf2"
"318","im-2,2,1o2 + ntf2"
"319","im-2,2,1o3 + ntf2"
"320","im-2,2 + ntf2"
"321","im-2,2 + otf"
"322","im-2,2 + po2-o2,o2"
"323","im-2,2 + so3-ph1"
"324","im-2,2 + tfa"
"325","im-2D,1D + fap"
"326","im-2D,1D + so4-1D"
"327","im-2D,1 + fap"
"328","im-2 + ac"
"329","im-2 + bf4"
"330","im-2 + clo4"
"331","im-2 + npf2"
"332","im-2 + ntf2"
"333","im-2 + otf"
"334","im-2 + pf6"
"335","im-2 + so3-1"
"336","im-2ch,1 + ntf2"
"337","im-2cl,1 + dca"
"338","im-2cn,10 + behss"
"339","im-2cn,10 + br"
"340","im-2cn,10 + sba"
"341","im-2cn,10 + so4-12"
"342","im-2cn,1 + bf4"
"343","im-2cn,1ph + cl"
"344","im-2cn,2o2 + dca"
"345","im-2cn,2o2 + ntf2"
"346","im-2cn,2o2 + tfa"
"347","im-2cn,2oh + cl"
"348","im-2cn,4 + behss"
"349","im-2cn,4 + br"
"350","im-2cn,4 + bs"
"351","im-2cn,4 + cl"
"352","im-2cn,4 + otf"
"353","im-2cn,4 + so4-12"
"354","im-2cn,6 + behss"
"355","im-2cn,6 + br"
"356","im-2cn,6 + bs"
"357","im-2cn,6 + cl"
"358","im-2cn,6 + otf"
"359","im-2cn,6 + sba"
"360","im-2cn,6 + so4-12"
"361","im-2cn,8 + br"
"362","im-2cn,8 + cl"
"363","im-2cn,a + cl"
"364","im-2cn + 1ac"
"365","im-2cn + 2ac"
"366","im-2cn + 4ac"
"367","im-2cn + ac"
"368","im-2cn + for"
"369","im-2cn + hso4"
"370","im-2cn + so3-ph1"
"371","im-2cp,1 + ntf2"
"372","im-2dp,4 + bf4"
"373","im-2dp,4 + pf6"
"374","im-2dp,6 + bf4"
"375","im-2dp,6 + pf6"
"376","im-2dp,8 + bf4"
"377","im-2dp,8 + pf6"
"378","im-2nh2,1 + bf4"
"379","im-2nh2,1 + dca"
"380","im-2nh2,1 + ntf2"
"381","im-2nh2,1 + otf"
"382","im-2nh2,1 + pf6"
"383","im-2o1,1,1 + ntf2"
"384","im-2o1,1,1o2 + ntf2"
"385","im-2o1,1,1o3 + ntf2"
"386","im-2o1,1,2 + ntf2"
"387","im-2o1,1 + bf3-1[f]"
"388","im-2o1,1 + bf3-2[f]"
"389","im-2o1,1 + bf4"
"390","im-2o1,1 + ntf2"
"391","im-2o1,1 + otf"
"392","im-2o1,1 + pf6"
"393","im-2o1,1 + po2-o1,o1"
"394","im-2o1,1 + so3-1"
"395","im-2o1,1o1,1 + ntf2"
"396","im-2o1,1o1,2 + ntf2"
"397","im-2o1,1o1 + ntf2"
"398","im-2o1,1o2 + ntf2"
"399","im-2o1,2,1 + ntf2"
"400","im-2o1,2,1o2 + ntf2"
"401","im-2o1,2,1o3 + ntf2"
"402","im-2o1,2,2 + ntf2"
"403","im-2o1,2 + ntf2"
"404","im-2o1,2o1,2 + ntf2"
"405","im-2o1,2o1 + ntf2"
"406","im-2o1,3,1 + ntf2"
"407","im-2o1,3,2 + ntf2"
"408","im-2o1,3 + ntf2"
"409","im-2o1,4,1 + ntf2"
"410","im-2o1,4,2 + ntf2"
"411","im-2o1,4 + ntf2"
"412","im-2o1,5,1 + ntf2"
"413","im-2o1,5,2 + ntf2"
"414","im-2o2,1,1 + ntf2"
"415","im-2o2,1,1o2 + ntf2"
"416","im-2o2,1,1o3 + ntf2"
"417","im-2o2,1,2 + ntf2"
"418","im-2o2,1 + cl"
"419","im-2o2,1 + ntf2"
"420","im-2o2,1o1,1 + ntf2"
"421","im-2o2,1o1,2 + ntf2"
"422","im-2o2,1o1 + ntf2"
"423","im-2o2,1o2 + ntf2"
"424","im-2o2,2,1 + ntf2"
"425","im-2o2,2,1o2 + ntf2"
"426","im-2o2,2,1o3 + ntf2"
"427","im-2o2,2,2 + ntf2"
"428","im-2o2,2 + ntf2"
"429","im-2o2,2o1,1 + ntf2"
"430","im-2o2,2o1,2 + ntf2"
"431","im-2o2,2o1 + ntf2"
"432","im-2o2,2o2,1 + ntf2"
"433","im-2o2,2o2,2 + ntf2"
"434","im-2o2,2o2 + ntf2"
"435","im-2o2,3,1 + ntf2"
"436","im-2o2,3,2 + ntf2"
"437","im-2o2,3 + ntf2"
"438","im-2o2,4,1 + ntf2"
"439","im-2o2,4,2 + ntf2"
"440","im-2o2,4 + ntf2"
"441","im-2o2,5,1 + ntf2"
"442","im-2o2,5,2 + ntf2"
"443","im-2o2oh,1 + cl"
"444","im-2oh,1 + bf4"
"445","im-2oh,1 + dca"
"446","im-2oh,1 + fap"
"447","im-2oh,1 + imidazolide"
"448","im-2oh,1 + ntf2"
"449","im-2oh,1 + pf6"
"450","im-2ono2,1 + dca"
"451","im-2ph,1 + alcl4"
"452","im-2ph,1 + ntf2"
"453","im-2v,1,1 + pyrazolide-no2[4]"
"454","im-3,1,1 + bf4"
"455","im-3,1,1 + ctf3"
"456","im-3,1,1 + hso4"
"457","im-3,1,1 + ntf2"
"458","im-3,1,1 + pyrazolide-no2[4]"
"459","im-3,1,1o2 + ntf2"
"460","im-3,1,1o3 + ntf2"
"461","im-3,1,1o4 + ntf2"
"462","im-3,1,cn + ntf2"
"463","im-3,1 + alcl4"
"464","im-3,1 + bf3-1[f]"
"465","im-3,1 + bf3-2[f]"
"466","im-3,1 + bf3-3[f]"
"467","im-3,1 + bf3-4[f]"
"468","im-3,1 + bf4"
"469","im-3,1 + h2po4"
"470","im-3,1 + hco3"
"471","im-3,1 + i"
"472","im-3,1 + no3"
"473","im-3,1 + npf2"
"474","im-3,1 + ntf2"
"475","im-3,1 + pf6"
"476","im-3,1 + scn"
"477","im-3,2,1o2 + ntf2"
"478","im-3,2,1o3 + ntf2"
"479","im-3,2 + ntf2"
"480","im-3,3 + ntf2"
"481","im-3ch,1 + ntf2"
"482","im-3cn,1,1 + dca"
"483","im-3cn,1,1 + ntf2"
"484","im-3cn,1 + bf3-3icn"
"485","im-3cn,1 + bf4"
"486","im-3cn,1 + dca"
"487","im-3cn,1 + ntf2"
"488","im-3cn,3cn + bf3-3icn"
"489","im-3cooh,1 + bf3-3icn"
"490","im-3dp,4 + bf4"
"491","im-3dp,4 + pf6"
"492","im-3dp,6 + bf4"
"493","im-3dp,6 + pf6"
"494","im-3dp,8 + bf4"
"495","im-3dp,8 + pf6"
"496","im-3i,1 + ntf2"
"497","im-3nh1phen,4 + ntf2"
"498","im-3nh1phen,4 + pf6"
"499","im-3nh2,1 + imidazolide"
"500","im-3o1,1 + bf4"
"501","im-3o1,1 + pf6"
"502","im-3o1,2o1,1 + ntf2"
"503","im-3o1,2o1,2 + ntf2"
"504","im-3o1,2o2,1 + ntf2"
"505","im-3o1,2o2,2 + ntf2"
"506","im-3oh,1 + cl"
"507","im-3oh,2 + cl"
"508","im-3oh[2],1 + cl"
"509","im-3oh[2],1 + no3"
"510","im-3oh[2],1 + ntf2"
"511","im-3oh[2],1 + pf6"
"512","im-3ph,1 + ntf2"
"513","im-3so3h,1[2] + camphorsulfonate"
"514","im-3so3h,1 + camphorsulfonate"
"515","im-3so3h,2[2] + camphorsulfonate"
"516","im-3so3h,2 + camphorsulfonate"
"517","im-3so3h,4 + camphorsulfonate"
"518","im-3so3h,ph[2] + camphorsulfonate"
"519","im-3so3h + camphorsulfonate"
"520","im-4,1,1 + al(ohfip)4"
"521","im-4,1,1 + bf4"
"522","im-4,1,1 + dca"
"523","im-4,1,1 + fap"
"524","im-4,1,1 + h2po4"
"525","im-4,1,1 + hso4"
"526","im-4,1,1 + ntf2"
"527","im-4,1,1 + scn"
"528","im-4,1,1 + so4-1,3[f],chf2"
"529","im-4,1,1 + so4-3,2[f]"
"530","im-4,1,1 + tcb"
"531","im-4,1,1o2 + ntf2"
"532","im-4,1,1o3 + ntf2"
"533","im-4,1 + 1ac"
"534","im-4,1 + 2ac"
"535","im-4,1 + ac"
"536","im-4,1 + al(ohfip)4"
"537","im-4,1 + ala"
"538","im-4,1 + alcl4"
"539","im-4,1 + behss"
"540","im-4,1 + bf2ox"
"541","im-4,1 + bf3-1[f]"
"542","im-4,1 + bf3-2[f]"
"543","im-4,1 + bf3-3icn"
"544","im-4,1 + bf3-ph-1[f][3]"
"545","im-4,1 + bf3-ph-1[f][4]"
"546","im-4,1 + bf3-ph-cn[3]"
"547","im-4,1 + bf3-ph-cn[4]"
"548","im-4,1 + bf3-ph-f[2]"
"549","im-4,1 + bf3-ph-f[3]"
"550","im-4,1 + bf3-ph-f[4]"
"551","im-4,1 + bf3-ph-o1[2]"
"552","im-4,1 + bf3-ph-o1[3]"
"553","im-4,1 + bf3-ph-o1[4]"
"554","im-4,1 + bf3-ph"
"555","im-4,1 + bf4"
"556","im-4,1 + br"
"557","im-4,1 + ccn3"
"558","im-4,1 + cl"
"559","im-4,1 + clo4"
"560","im-4,1 + coscn4"
"561","im-4,1 + ctf3"
"562","im-4,1 + dca"
"563","im-4,1 + fap"
"564","im-4,1 + 43500"
"565","im-4,1 + fecl4"
"566","im-4,1 + for"
"567","im-4,1 + fpi"
"568","im-4,1 + fsa"
"569","im-4,1 + glu"
"570","im-4,1 + gly"
"571","im-4,1 + glyc"
"572","im-4,1 + h2po4"
"573","im-4,1 + hco3"
"574","im-4,1 + hfps"
"575","im-4,1 + hso4"
"576","im-4,1 + i"
"577","im-4,1 + imidazolide"
"578","im-4,1 + la"
"579","im-4,1 + no3"
"580","im-4,1 + npf2"
"581","im-4,1 + ntf2"
"582","im-4,1 + otf"
"583","im-4,1 + pf6"
"584","im-4,1 + ph-coo"
"585","im-4,1 + phen"
"586","im-4,1 + po2-cf3,cf3"
"587","im-4,1 + po2-o1,o1"
"588","im-4,1 + po2-o4,o4"
"589","im-4,1 + po3h-1"
"590","im-4,1 + po4"
"591","im-4,1 + sbf6"
"592","im-4,1 + scn"
"593","im-4,1 + so3-1"
"594","im-4,1 + so3-4[f]"
"595","im-4,1 + so4-1,3[f],chf2"
"596","im-4,1 + so4-1"
"597","im-4,1 + so4-2"
"598","im-4,1 + so4-3,2[f]"
"599","im-4,1 + so4-4"
"600","im-4,1 + so4-5"
"601","im-4,1 + so4-8"
"602","im-4,1 + tcb"
"603","im-4,1 + tdi"
"604","im-4,1 + tehss"
"605","im-4,1 + tfa-2[f]"
"606","im-4,1 + tfa"
"607","im-4,1 + tpes"
"608","im-4,1 + ttes"
"609","im-4,2,1o2 + ntf2"
"610","im-4,2,1o3 + ntf2"
"611","im-4,2 + br"
"612","im-4,2 + ntf2"
"613","im-4,2 + otf"
"614","im-4,2 + po2-o2,o2"
"615","im-4,2 + po2-o4,o4"
"616","im-4,2 + so3-4[f]"
"617","im-4,2 + tfa"
"618","im-4,4 + ac"
"619","im-4,4 + alcl4"
"620","im-4,4 + ntf2"
"621","im-4,4 + po2-o4,o4"
"622","im-4,4 + so3-ph1"
"623","im-4 + hso4"
"624","im-4 + no3"
"625","im-4 + otf"
"626","im-4 + scn"
"627","im-4 + so3-1"
"628","im-4cn,1 + bf4"
"629","im-4cn,1 + cl"
"630","im-4cn,1 + pf6"
"631","im-4i,1 + i"
"632","im-4i,1 + ntf2"
"633","im-4i,4i + ntf2"
"634","im-4so31 + so4-1"
"635","im-4so32 + so4-2"
"636","im-4so3h,1 + camphorsulfonate"
"637","im-4so3h,1 + hso4"
"638","im-4so3h,1 + otf"
"639","im-5,1,1 + hso4"
"640","im-5,1,1 + ntf2"
"641","im-5,1,1o2 + ntf2"
"642","im-5,1,1o3 + ntf2"
"643","im-5,1 + bf4"
"644","im-5,1 + fap4"
"645","im-5,1 + h2po4"
"646","im-5,1 + hco3"
"647","im-5,1 + nicl4"
"648","im-5,1 + no3"
"649","im-5,1 + npf2"
"650","im-5,1 + ntf2"
"651","im-5,1 + pf6"
"652","im-5,1 + scn"
"653","im-5,2,1o2 + ntf2"
"654","im-5,2,1o3 + ntf2"
"655","im-5,4 + ntf2"
"656","im-5,5 + ntf2"
"657","im-5i,1 + i"
"658","im-5i,1 + ntf2"
"659","im-5i,4 + ntf2"
"660","im-6,1,1 + ntf2"
"661","im-6,1,1 + pyrazolide-no2[4]"
"662","im-6,1,s1 + ntf2"
"663","im-6,1 + ac"
"664","im-6,1 + al(ohfip)4"
"665","im-6,1 + al2br7"
"666","im-6,1 + albr4"
"667","im-6,1 + alcl4"
"668","im-6,1 + bf3-1[f]"
"669","im-6,1 + bf3-2[f]"
"670","im-6,1 + bf4"
"671","im-6,1 + br"
"672","im-6,1 + cl"
"673","im-6,1 + dca"
"674","im-6,1 + fap"
"675","im-6,1 + fap3"
"676","im-6,1 + 43500"
"677","im-6,1 + fecl4"
"678","im-6,1 + fpi"
"679","im-6,1 + i"
"680","im-6,1 + no3"
"681","im-6,1 + npf2"
"682","im-6,1 + ntf2"
"683","im-6,1 + otf"
"684","im-6,1 + pf6"
"685","im-6,1 + phen"
"686","im-6,1 + po2-o1,o1"
"687","im-6,1 + pyrazolide-no2[4]"
"688","im-6,1 + pyrrolide-cn[2]"
"689","im-6,1 + so3-4[f]"
"690","im-6,1 + so4-1"
"691","im-6,1 + so4-2"
"692","im-6,1 + tcb"
"693","im-6,1 + tetrazolide"
"694","im-6,1 + triazolide"
"695","im-6,1 + triazolide123"
"696","im-6,2 + po2-o2,o2"
"697","im-6,4 + po2-o4,o4"
"698","im-6,6 + ac"
"699","im-6,6 + no3"
"700","im-6,6 + ntf2"
"701","im-6,6 + po2-o8i,o8i"
"702","im-6i,1 + ntf2"
"703","im-6oh,1 + cl"
"704","im-6oh,2 + cl"
"705","im-6oh,4 + cl"
"706","im-6oh + cl"
"707","im-7,1,1 + ntf2"
"708","im-7,1 + nicl4"
"709","im-7,1 + ntf2"
"710","im-7,1 + pf6"
"711","im-7,7 + ntf2"
"712","im-7i,1 + ntf2"
"713","im-8,1,1 + h2po4"
"714","im-8,1,1 + ntf2"
"715","im-8,1,1 + otf"
"716","im-8,1 + al(ohfip)4"
"717","im-8,1 + ala"
"718","im-8,1 + alcl4"
"719","im-8,1 + asn"
"720","im-8,1 + bf4"
"721","im-8,1 + cl"
"722","im-8,1 + dca"
"723","im-8,1 + 43500"
"724","im-8,1 + fecl4"
"725","im-8,1 + gly"
"726","im-8,1 + h2po4"
"727","im-8,1 + h3p2o7"
"728","im-8,1 + i"
"729","im-8,1 + nicl4"
"730","im-8,1 + npf2"
"731","im-8,1 + ntf2"
"732","im-8,1 + otf"
"733","im-8,1 + pf6"
"734","im-8,1 + phen"
"735","im-8,1 + po2-o1,o1"
"736","im-8,1 + pro"
"737","im-8,1 + sac"
"738","im-8,1 + scn"
"739","im-8,1 + ser"
"740","im-8,1 + so3-4[f]"
"741","im-8,1 + so4-1"
"742","im-8,1 + so4-2"
"743","im-8,1 + tcb"
"744","im-8,1 + tfa-3[f]"
"745","im-8,1 + tfa"
"746","im-8,2 + po2-o2,o2"
"747","im-8,4 + po2-o4,o4"
"748","im-8,8 + ac"
"749","im-8,8 + no3"
"750","im-8,8 + ntf2"
"751","im-8,8 + po2-o8i,o8i"
"752","im-8chch(E)8,1 + ntf2"
"753","im-8chch(Z)1chch(Z)5,1 + ntf2"
"754","im-8chch(Z)8,1 + ntf2"
"755","im-8i,8i + ac"
"756","im-8i,8i + no3"
"757","im-8i,8i + ntf2"
"758","im-8i,8i + po2-o8i,o8i"
"759","im-9,1 + ntf2"
"760","im-9,1 + pf6"
"761","im-9,9 + ntf2"
"762","im-[2o]21,1 + bf3-1[f]"
"763","im-[2o]21,1 + bf3-2[f]"
"764","im-[2o]21,1 + bf4"
"765","im-[2o]21,1 + cl"
"766","im-[2o]21,1 + pf6"
"767","im-[2o]21,1 + po2-o1,o1"
"768","im-[2o]21,1 + so3-1"
"769","im-[2o]31,1 + po2-o1,o1"
"770","im-[2o]31,1 + so3-1"
"771","im-a,1,1 + bf4"
"772","im-a,10 + dca"
"773","im-a,12 + dca"
"774","im-a,14 + dca"
"775","im-a,1 + al(ohfip)4"
"776","im-a,1 + bf3-3icn"
"777","im-a,1 + br"
"778","im-a,1 + cl"
"779","im-a,1 + dca"
"780","im-a,1 + ntf2"
"781","im-a,2 + br"
"782","im-a,3 + br"
"783","im-a,4 + dca"
"784","im-a,6 + dca"
"785","im-a,8 + dca"
"786","im-a,a + bf3-3icn"
"787","im-a,a + br"
"788","im-a,a + cl"
"789","im-a,a + ntf2"
"790","im-c,1,1 + bf4"
"791","im-c7,1 + ntf2"
"792","im-ch,1 + ntf2"
"793","im-chc(ch3)2,1 + bf4"
"794","im-cp,1 + ntf2"
"795","im-cp,4 + ntf2"
"796","im-moxm,10 + ntf2"
"797","im-moxm,11 + ntf2"
"798","im-moxm,12 + ntf2"
"799","im-moxm,1 + ntf2"
"800","im-moxm,2 + ntf2"
"801","im-moxm,3 + ntf2"
"802","im-moxm,4 + ntf2"
"803","im-moxm,5 + ntf2"
"804","im-moxm,6 + ntf2"
"805","im-moxm,7 + ntf2"
"806","im-moxm,8 + ntf2"
"807","im-moxm,9 + ntf2"
"808","im-v,10 + dca"
"809","im-v,1 + i"
"810","im-v,2 + i"
"811","im-v,3 + i"
"812","im-v,4 + i"
"813","im-v,8 + dca"
"814","im-v,a + dca"
"815","im-v,a + i"
"816","im + 4ac"
"817","im + 5ac"
"818","im + 6ac"
"819","im + 7ac"
"820","mo-1 + bf4"
"821","mo-1 + for"
"822","mo-2,1 + dca"
"823","mo-2,1 + po3h-2"
"824","mo-2,1 + so4-2"
"825","mo-2 + bf4"
"826","mo-2 + for"
"827","mo-2o1(3[f]chf2),1 + ntf2"
"828","mo-2o1,1 + bf3-1[f]"
"829","mo-2o1,1 + bf3-2[f]"
"830","mo-2o1,1 + bf3-3[f]"
"831","mo-2o1,1 + fap"
"832","mo-2o1,1 + ntf2"
"833","mo-2o2,1 + ntf2"
"834","mo-3,1 + dca"
"835","mo-3oh,1 + ntf2"
"836","mo-4,1 + al(ohfip)4"
"837","mo-4,1 + bf3-1[f]"
"838","mo-4,1 + bf3-2[f]"
"839","mo-4,1 + ccn3"
"840","mo-4,1 + dca"
"841","mo-4,1 + ntf2"
"842","mo-4,1 + po3h-4"
"843","mo-4,1 + so4-4"
"844","mo-5,1 + dca"
"845","mo-6,1 + dca"
"846","mo-6,1 + fsa"
"847","mo-6,1 + ntf2"
"848","mo-6,1 + po3h-6"
"849","mo-7,1 + dca"
"850","mo-8,1 + dca"
"851","mo-8,1 + po3h-8"
"852","mo-9,1 + dca"
"853","mo-a,1 + ntf2"
"854","mo-a,2 + ntf2"
"855","mo + for"
"856","n-1(1[1])coo1 + bf4"
"857","n-1(1[1])coo1 + scn"
"858","n-1(1[1])coo2 + no3"
"859","n-1(4i[1])coo1 + no3"
"860","n-1,1,1,1 + bala"
"861","n-1,1,1,1 + gly"
"862","n-1,1,1,1 + oh"
"863","n-1,1,1 + h2po4"
"864","n-1,1 + for"
"865","n-1,1 + hso4"
"866","n-10,10,1,1 + herbicide-2,4-DP"
"867","n-10,2,2,2 + ntf2"
"868","n-10,3i,1,1 + ntf2"
"869","n-12,1,1,1 + herbicide-2,4-DP"
"870","n-12,2,2,2 + ntf2"
"871","n-14,1,1,1 + herbicide-2,4-DP"
"872","n-14,2,2,2 + ntf2"
"873","n-18,1,1,1 + herbicide-2,4-DP"
"874","n-1 + for"
"875","n-1coo1,2,2,1 + so4-1"
"876","n-1coo1,4,2,2 + so4-4"
"877","n-1coo1,a,2,2 + ntf2"
"878","n-1coo12,1,1,1 + dca"
"879","n-1coo12,1,1,1 + la"
"880","n-1coo14,1,1,1 + la"
"881","n-1coo16,1,1,1 + la"
"882","n-1coo1 + no3"
"883","n-1coo2,2,1,1 + so4-2"
"884","n-1coo2,2,2,2 + ntf2"
"885","n-1coo2,2,2,2 + so4-2"
"886","n-1coo2,3,3,3 + ntf2"
"887","n-1coo2,4,1,1 + so4-4"
"888","n-1coo2,4,4,4 + bf4"
"889","n-1coo2,4,4,4 + dca"
"890","n-1coo2,4,4,4 + ntf2"
"891","n-1coo2,5,1,1 + ntf2"
"892","n-1coo2,6,1,1 + ntf2"
"893","n-1coo2,a,1,1 + ntf2"
"894","n-1coo6,1,1,1 + bf4"
"895","n-1coo6,1,1,1 + dca"
"896","n-1cooh,1,1,1 + ntf2"
"897","n-1dmsodmsph,1,1,1 + ntf2"
"898","n-1o1,1,1,1 + ntf2"
"899","n-1o1,2,2,2 + dca"
"900","n-1o1,2,2,2 + ntf2"
"901","n-1o2,2odoe,1,1 + ntf2"
"902","n-1o3,2odoe,1,1 + ntf2"
"903","n-1o4,2odoe,1,1 + ntf2"
"904","n-1o5,2odoe,1,1 + ntf2"
"905","n-1o6,2odoe,1,1 + ntf2"
"906","n-1o7,2odoe,1,1 + ntf2"
"907","n-1o8,2odoe,1,1 + ntf2"
"908","n-1o9,2odoe,1,1 + ntf2"
"909","n-1o[10],2odoe,1,1 + ntf2"
"910","n-1o[11],2odoe,1,1 + ntf2"
"911","n-1o[12],2odoe,1,1 + ntf2"
"912","n-1ph,2,2,2 + tfa"
"913","n-2,1,1,1 + tsac"
"914","n-2,1,1 + ac-ph"
"915","n-2,1,1 + ac"
"916","n-2,1,1 + for"
"917","n-2,2,1 + otf"
"918","n-2,2,1 + so3-1"
"919","n-2,2,2,1 + so4-1"
"920","n-2,2,2,2 + ala"
"921","n-2,2,2,2 + bala"
"922","n-2,2,2,2 + im41"
"923","n-2,2,2,2 + npfso2f"
"924","n-2,2,2,2 + oh"
"925","n-2,2,2,2 + so4-1,1[f],chf2"
"926","n-2,2,2,2 + so4-1,1[f]"
"927","n-2,2,2,2 + so4-1,3[f],chf2"
"928","n-2,2,2,2 + tsac"
"929","n-2,2,2 + ac"
"930","n-2,2,2 + for"
"931","n-2,2,2 + h2po4"
"932","n-2,2,2 + hso4"
"933","n-2,2,2 + ntf2"
"934","n-2,2,2 + otf"
"935","n-2,2,2 + po2-o4,o4"
"936","n-2,2,2 + so3-1"
"937","n-2,2,2 + tfa-2[f]"
"938","n-2,2,2 + tfa-4[f]"
"939","n-2,2,2 + tfa-6[f]"
"940","n-2,2,2 + tfa"
"941","n-2,2 + ac"
"942","n-2,2 + for"
"943","n-2,2 + hso4"
"944","n-2,2 + po2-o4,o4"
"945","n-2 + 1ac"
"946","n-2 + 2ac"
"947","n-2 + for"
"948","n-2 + glyc"
"949","n-2 + hso4"
"950","n-2 + la"
"951","n-2 + no3"
"952","n-2coo1,1,1,1 + ntf2"
"953","n-2coo1,2,1,1 + ntf2"
"954","n-2coo1ph,1,1,1 + ntf2"
"955","n-2dma,1,1 + ac"
"956","n-2eh,2eh,1,1 + 1ac"
"957","n-2eh,2eh,1,1 + ac"
"958","n-2eh,2eh,1,1 + for"
"959","n-2eh,2eh,1,1 + hso4"
"960","n-2eh,2eh,1,1 + so3-1"
"961","n-2eh,2eh,1,1 + tfa"
"962","n-2n3,1,1,1 + dca"
"963","n-2n3,2,1,1 + dca"
"964","n-2n3,4,1,1 + dca"
"965","n-2n3,a,1,1 + dca"
"966","n-2nh2 + ac"
"967","n-2nh2 + for"
"968","n-2nh2 + po2-o4,o4"
"969","n-2o1,1,1,1 + bf3-3[f]"
"970","n-2o1,1,1,1 + bf4"
"971","n-2o1,1,1,1 + ntf2"
"972","n-2o1,1o1,1,1 + bf4"
"973","n-2o1,1o1,1,1 + ntf2"
"974","n-2o1,2,1,1 + bf3-1[f]"
"975","n-2o1,2,1,1 + bf3-2[f]"
"976","n-2o1,2,1,1 + bf3-3[f]"
"977","n-2o1,2,1,1 + bf3-4[f]"
"978","n-2o1,2,1,1 + bf4"
"979","n-2o1,2,1,1 + fap"
"980","n-2o1,2,1,1 + ntf2"
"981","n-2o1,2,2,1 + bf3-1[f]"
"982","n-2o1,2,2,1 + bf3-2[f]"
"983","n-2o1,2,2,1 + bf3-2[f]o1[f]"
"984","n-2o1,2,2,1 + bf3-3[f]"
"985","n-2o1,2,2,1 + bf3-4[f]"
"986","n-2o1,2,2,1 + bf4"
"987","n-2o1,2,2,1 + ntf2"
"988","n-2o1,2,2,1 + tfesi"
"989","n-2o1,2,2,2 + bf3-1[f]"
"990","n-2o1,2,2,2 + bf3-2[f]"
"991","n-2o1,2,2,2 + bf3-3[f]"
"992","n-2o1,2,2,2 + bf3-4[f]"
"993","n-2o1,2,2,2 + ntf2"
"994","n-2o1,2o1,1,1 + bf4"
"995","n-2o1,2o1,1,1 + ntf2"
"996","n-2o1 + for"
"997","n-2o2,1o1,1,1 + bf4"
"998","n-2o2,1o1,1,1 + ntf2"
"999","n-2o2,2,2,2 + ntf2"
"1000","n-2o2,2o1,1,1 + ac"
"1001","n-2o2,2o1,1,1 + bf4"
"1002","n-2o2,2o1,1,1 + ntf2"
"1003","n-2o2,2o2,1,1 + bf4"
"1004","n-2o2,2o2,1,1 + ntf2"
"1005","n-2o2,4,4,4 + ntf2"
"1006","n-2o2,5,5,5 + ntf2"
"1007","n-2o2oh,2o2oh + for"
"1008","n-2o2oh,2o2oh + hso4"
"1009","n-2o2oh,2o2oh + no3"
"1010","n-2o2oh,2o2oh + tfa"
"1011","n-2o2oh,[2o]22oh,13,1 + so4-1"
"1012","n-2o2oh,[2o]22oh,13,1 + so4-[2o]21"
"1013","n-2o2oh + ac"
"1014","n-2o2oh + for"
"1015","n-2o2oh + la"
"1016","n-2oh,1,1,1 + 1ac"
"1017","n-2oh,1,1,1 + 2ac"
"1018","n-2oh,1,1,1 + 4ac"
"1019","n-2oh,1,1,1 + acsul"
"1020","n-2oh,1,1,1 + ala"
"1021","n-2oh,1,1,1 + bala"
"1022","n-2oh,1,1,1 + bes"
"1023","n-2oh,1,1,1 + biot"
"1024","n-2oh,1,1,1 + capso"
"1025","n-2oh,1,1,1 + dca"
"1026","n-2oh,1,1,1 + gly"
"1027","n-2oh,1,1,1 + im44"
"1028","n-2oh,1,1,1 + la"
"1029","n-2oh,1,1,1 + mal"
"1030","n-2oh,1,1,1 + mopso"
"1031","n-2oh,1,1,1 + ntf2"
"1032","n-2oh,1,1,1 + pro"
"1033","n-2oh,1,1,1 + sac"
"1034","n-2oh,1,1,1 + ser"
"1035","n-2oh,1,1,1 + so4-1"
"1036","n-2oh,1,1,1 + vitaminC"
"1037","n-2oh,1 + 1ac"
"1038","n-2oh,1 + 2ac"
"1039","n-2oh,1 + 2aci"
"1040","n-2oh,1 + 3ac"
"1041","n-2oh,1 + ac"
"1042","n-2oh,1 + for"
"1043","n-2oh,1ph,1,1 + ntf2"
"1044","n-2oh,2,1,1 + so3-4"
"1045","n-2oh,2,1,1 + so4-2"
"1046","n-2oh,2,2 + otf"
"1047","n-2oh,2,2 + tfa"
"1048","n-2oh,2br,1,1 + ntf2"
"1049","n-2oh,2oh,1 + ac"
"1050","n-2oh,2oh,1 + la"
"1051","n-2oh,2oh,2oh,1 + so4-1"
"1052","n-2oh,2oh,2oh + 3ac"
"1053","n-2oh,2oh,2oh + ac"
"1054","n-2oh,2oh,2oh + for"
"1055","n-2oh,2oh,2oh + la"
"1056","n-2oh,2oh,2oh + mal"
"1057","n-2oh,2oh + 1ac"
"1058","n-2oh,2oh + 3ac"
"1059","n-2oh,2oh + ac"
"1060","n-2oh,2oh + for"
"1061","n-2oh,2oh + la"
"1062","n-2oh,2oh + mal"
"1063","n-2oh,2oh + po2-o4,o4"
"1064","n-2oh,2oh + so3-1"
"1065","n-2oh,2oh + so3-nh2"
"1066","n-2oh,3,1,1 + ntf2"
"1067","n-2oh,3i,1,1 + ntf2"
"1068","n-2oh,8,1,1 + ntf2"
"1069","n-2oh,8i,1,1 + ntf2"
"1070","n-2oh,ph + 1ac"
"1071","n-2oh,ph + 2ac"
"1072","n-2oh,ph + 3ac"
"1073","n-2oh,ph + 4ac"
"1074","n-2oh + 3ac"
"1075","n-2oh + ac"
"1076","n-2oh + for"
"1077","n-2oh + hso4"
"1078","n-2oh + la"
"1079","n-2oh + mal"
"1080","n-2oh + no3"
"1081","n-2ono2,1,1,1 + dca"
"1082","n-2oso3h,1,1,1 + ntf2"
"1083","n-2oso3h,2,2,2 + ntf2"
"1084","n-2oso3h,6,6,6 + ntf2"
"1085","n-2oso3h,8,8,8 + ntf2"
"1086","n-3(1[f]),2,2,1 + ntf2"
"1087","n-3,1,1,1 + c1c2"
"1088","n-3,1,1,1 + ntf2"
"1089","n-3,1,1,1 + tsac"
"1090","n-3,2,1,1 + al(ohfip)4"
"1091","n-3,2,1,1 + al2br7"
"1092","n-3,2,1,1 + ntf2"
"1093","n-3,2,2,1 + ntf2"
"1094","n-3,2,2,1 + tfesi"
"1095","n-3,3,2,1 + ntf2"
"1096","n-3,3,3,3 + oh"
"1097","n-3,3,3,3 + so4-4"
"1098","n-3,3 + scn"
"1099","n-3,3i,1,1 + ntf2"
"1100","n-3 + ac"
"1101","n-3 + for"
"1102","n-3 + no3"
"1103","n-3cooh,1,1,1 + ntf2"
"1104","n-3i,1,1,1 + tsac"
"1105","n-3i,3i,1 + ac"
"1106","n-3i,3i,1 + for"
"1107","n-3i,3i,1 + hf2"
"1108","n-3i,3i,2 + ac"
"1109","n-3i,3i,2 + for"
"1110","n-3i,3i,2 + hf2"
"1111","n-3o1 + ac"
"1112","n-3oh[2](cl),1,1,1 + ntf2"
"1113","n-3oh[2] + for"
"1114","n-3oh + ac"
"1115","n-3oh + for"
"1116","n-3oh + mal"
"1117","n-3oh + tfa"
"1118","n-3oso3h,1,1,1 + ntf2"
"1119","n-3so3h,4i + hso4"
"1120","n-4,1,1,1 + ntf2"
"1121","n-4,2,1,1 + bf3-1[f]"
"1122","n-4,2,1,1 + bf3-2[f]"
"1123","n-4,2,1,1 + ntf2"
"1124","n-4,2,1,1 + so4-2"
"1125","n-4,2,2,1 + al2br7"
"1126","n-4,2,2,1 + bf3-2[f]o1[f]"
"1127","n-4,2,2,1 + ntf2"
"1128","n-4,2,2,1 + tfesi"
"1129","n-4,2,2,2 + ac"
"1130","n-4,3,1,1 + al2br7"
"1131","n-4,3,1,1 + ntf2"
"1132","n-4,3i,1,1 + ntf2"
"1133","n-4,4,4,1 + al(ohfip)4"
"1134","n-4,4,4,1 + dca"
"1135","n-4,4,4,1 + ntf2"
"1136","n-4,4,4,4 + al(ohfip)4"
"1137","n-4,4,4,4 + bala"
"1138","n-4,4,4,4 + behss"
"1139","n-4,4,4,4 + bes"
"1140","n-4,4,4,4 + bf2ox"
"1141","n-4,4,4,4 + capso"
"1142","n-4,4,4,4 + croc"
"1143","n-4,4,4,4 + gly"
"1144","n-4,4,4,4 + mopso"
"1145","n-4,4,4,4 + oh"
"1146","n-4,4,4,4 + phen-no2[2],no2[4],no2[6]"
"1147","n-4,4,4,4 + so3-4[f]"
"1148","n-4,4,4,4 + so3-8[f]"
"1149","n-4,4,4,4 + so4-1,1[f],chf2"
"1150","n-4,4,4,4 + so4-1,3[f],chf2"
"1151","n-4,4,4,4 + val"
"1152","n-4,4,4 + no3"
"1153","n-4,4 + for"
"1154","n-4,4 + po2-o4,o4"
"1155","n-4 + ac"
"1156","n-4 + for"
"1157","n-4 + hso4"
"1158","n-4 + no3"
"1159","n-4 + scn"
"1160","n-4i + for"
"1161","n-4oso3h,1,1,1 + ntf2"
"1162","n-4s + scn"
"1163","n-4so3h,4i + hso4"
"1164","n-5,2,1,1 + ntf2"
"1165","n-5,2,2,2 + al(ohfip)4"
"1166","n-5,2,2,2 + al2br7"
"1167","n-5,2,2,2 + ntf2"
"1168","n-5,5,5,5 + behss"
"1169","n-5,5,5,5 + c1c2"
"1170","n-5,5,5,5 + ntf2"
"1171","n-5,5,5,5 + tsac"
"1172","n-5 + for"
"1173","n-5i + for"
"1174","n-6,1,1,1 + ntf2"
"1175","n-6,2,2,2 + dca"
"1176","n-6,2,2,2 + ntf2"
"1177","n-6,3i,1,1 + ntf2"
"1178","n-6,4,4,4 + ntf2"
"1179","n-6,6,6,2 + al(ohfip)4"
"1180","n-6,6,6,2 + ntf2"
"1181","n-6,6,6,6 + behss"
"1182","n-6,6,6,6 + ntf2"
"1183","n-6,6,6,6 + ph-coo"
"1184","n-7,1,1,1 + ntf2"
"1185","n-7,2,1,1 + ntf2"
"1186","n-7,2,2,2 + ntf2"
"1187","n-7,3i,3i,2 + ntf2"
"1188","n-7,4,4,4 + ntf2"
"1189","n-7,7,7,7 + behss"
"1190","n-7,7,7,7 + cl"
"1191","n-7,7,7,7 + ntf2"
"1192","n-8,1,1,1 + ntf2"
"1193","n-8,2,2,2 + dca"
"1194","n-8,2,2,2 + fsa"
"1195","n-8,2,2,2 + ntf2"
"1196","n-8,4,4,4 + ntf2"
"1197","n-8,4,4,4 + otf"
"1198","n-8,8,8,1 + al(ohfip)4"
"1199","n-8,8,8,1 + cl"
"1200","n-8,8,8,1 + ntf2"
"1201","n-8,8,8,1 + so4-1,1[f],chf2"
"1202","n-8,8,8,1 + so4-1,1[f]"
"1203","n-8,8,8,1 + so4-1,3[f],chf2"
"1204","n-8,8,8,1 + tfa"
"1205","n-8,8,8,1 + tfpb"
"1206","n-8,8,8,8 + behss"
"1207","n-8,8,8 + 8ac-6[2]"
"1208","n-8,8,8 + ac-2ph"
"1209","n-8,8,8 + naphthoate2"
"1210","n-8,8,8 + ph-coo[1],4t[4]"
"1211","n-[2o]21,1,1,1 + ntf2"
"1212","n-[2o]21,2,1,1 + ntf2"
"1213","n-[2o]21,[2o]21,[2o]21,2 + ntf2"
"1214","n-a,1,1,1 + tsac"
"1215","n-a,a + ac"
"1216","n-a,a + for"
"1217","n-a,a + mal"
"1218","n-ch,10,1,1 + ac"
"1219","n-ch,12,1,1 + ac"
"1220","n-ch,2,1,1 + ac"
"1221","n-ch,4,1,1 + ac-[o2]2o1"
"1222","n-ch,4,1,1 + ac-o1"
"1223","n-ch,4,1,1 + ac-o2"
"1224","n-ch,4,1,1 + ac-o2o1"
"1225","n-ch,4,1,1 + ac"
"1226","n-ch,4,1,1 + for"
"1227","n-ch,6,1,1 + ac-[o2]2o1"
"1228","n-ch,6,1,1 + ac-o1"
"1229","n-ch,6,1,1 + ac-o2"
"1230","n-ch,6,1,1 + ac-o2o1"
"1231","n-ch,6,1,1 + ac"
"1232","n-ch,6,1,1 + for"
"1233","n-ch,8,1,1 + ac-[o2]2o1"
"1234","n-ch,8,1,1 + ac-o1"
"1235","n-ch,8,1,1 + ac-o2"
"1236","n-ch,8,1,1 + ac-o2o1"
"1237","n-ch,8,1,1 + ac"
"1238","n-ch,8,1,1 + for"
"1239","n-moxm,10,1,1 + ntf2"
"1240","n-moxm,11,1,1 + ntf2"
"1241","n-moxm,2,1,1 + ntf2"
"1242","n-moxm,2,2,1 + ntf2"
"1243","n-moxm,2,2,2 + ntf2"
"1244","n-moxm,4,1,1 + ntf2"
"1245","n-moxm,6,1,1 + ntf2"
"1246","n-moxm,7,1,1 + ntf2"
"1247","n-moxm,8,1,1 + ntf2"
"1248","n-moxm,9,1,1 + ntf2"
"1249","n-nh2,1cch,1,1 + dca"
"1250","n-nh2,1cch,1,1 + ncnno2"
"1251","n-nh2,1cn,1,1 + dca"
"1252","n-nh2,1cn,1,1 + ncnno2"
"1253","n-nh2,2,1,1 + dca"
"1254","n-nh2,2oh,1,1 + dca"
"1255","n-nh2,2oh,1,1 + ncnno2"
"1256","n-nh2,4,1,1 + dca"
"1257","n-nh2,4,1,1 + ncnno2"
"1258","n-nh2,a,1,1 + dca"
"1259","n-nh2,a,1,1 + ncnno2"
"1260","n-ph,1,1,1 + ntf2"
"1261","n=c-o1,1,1 + ntf2"
"1262","n=c-o1,1,1 + otf"
"1263","n=c-o2,1,1 + ntf2"
"1264","n=c-o2,1,1 + otf"
"1265","n=c1-o1,2,2 + ntf2"
"1266","n=c1-o1,2,2 + otf"
"1267","n=c1-o2,1,1 + ntf2"
"1268","n=c1-o2,2,2 + ntf2"
"1269","n=c1-o2,2,2 + otf"
"1270","ox-2o1,1 + bf3-1[f]"
"1271","ox-2o1,1 + bf3-2[f]"
"1272","ox-2o1,1 + bf3-3[f]"
"1273","ox-2o1,1 + bf3-4[f]"
"1274","ox-2o1,1 + bf4"
"1275","ox-2o1,1 + ntf2"
"1276","ox-3,1 + ntf2"
"1277","ox-3f,1 + ntf2"
"1278","ox-4,1 + bf3-1[f]"
"1279","ox-4,1 + bf3-2[f]"
"1280","ox-4,1 + bf4"
"1281","ox-4,1 + ntf2"
"1282","p-10,2,2,2 + pyrazolide-no2[4]"
"1283","p-10,4,4,4 + cl"
"1284","p-10,6,6,6 + acsul"
"1285","p-10,8,8,8 + cl"
"1286","p-12,2,2,2 + ntf2"
"1287","p-12,2,2,2 + pyrrolide-cn[2]"
"1288","p-12,4,4,4 + bf4"
"1289","p-12,4,4,4 + cl"
"1290","p-12,4,4,4 + ntf2"
"1291","p-12,4,4,4 + pyrrolide-cn[2]"
"1292","p-12,4,4,4 + so3-ph-coo1[3],coo1[5]"
"1293","p-12,4,4,4 + triazolide123"
"1294","p-12,6,6,6 + acsul"
"1295","p-12,8,8,8 + cl"
"1296","p-14,4,4,4 + bmb"
"1297","p-14,4,4,4 + bscb"
"1298","p-14,4,4,4 + dbs"
"1299","p-14,4,4,4 + po2-o8i,o8i"
"1300","p-14,6,6,6 + 8ac"
"1301","p-14,6,6,6 + ac-nh1"
"1302","p-14,6,6,6 + ac"
"1303","p-14,6,6,6 + acsul"
"1304","p-14,6,6,6 + ala"
"1305","p-14,6,6,6 + behss"
"1306","p-14,6,6,6 + benzimidazolide-br[6]"
"1307","p-14,6,6,6 + benzimidazolide-s1[2]"
"1308","p-14,6,6,6 + benzimidazolide"
"1309","p-14,6,6,6 + bf4"
"1310","p-14,6,6,6 + bmb"
"1311","p-14,6,6,6 + bmlb"
"1312","p-14,6,6,6 + bob"
"1313","p-14,6,6,6 + br"
"1314","p-14,6,6,6 + bscb"
"1315","p-14,6,6,6 + cl"
"1316","p-14,6,6,6 + cocl4"
"1317","p-14,6,6,6 + cyc"
"1318","p-14,6,6,6 + dbs"
"1319","p-14,6,6,6 + dca"
"1320","p-14,6,6,6 + fap"
"1321","p-14,6,6,6 + fecl4"
"1322","p-14,6,6,6 + fpi"
"1323","p-14,6,6,6 + gdcl6"
"1324","p-14,6,6,6 + gly"
"1325","p-14,6,6,6 + hfps"
"1326","p-14,6,6,6 + ile"
"1327","p-14,6,6,6 + imidazolide-1[2],no2[5]"
"1328","p-14,6,6,6 + imidazolide-cl[4],cl[5]"
"1329","p-14,6,6,6 + imidazolide-cn[4],cn[5]"
"1330","p-14,6,6,6 + imidazolide-no2[4]"
"1331","p-14,6,6,6 + indazolide"
"1332","p-14,6,6,6 + leu"
"1333","p-14,6,6,6 + mncl4"
"1334","p-14,6,6,6 + naph1"
"1335","p-14,6,6,6 + naph2"
"1336","p-14,6,6,6 + ntf2"
"1337","p-14,6,6,6 + ox"
"1338","p-14,6,6,6 + phen-1[2],1[4]"
"1339","p-14,6,6,6 + phen-1[2],1[6]"
"1340","p-14,6,6,6 + phen-1[2]"
"1341","p-14,6,6,6 + phen-1[3]"
"1342","p-14,6,6,6 + phen-1[4]"
"1343","p-14,6,6,6 + phen-1[f][4]"
"1344","p-14,6,6,6 + phen-3i[4]"
"1345","p-14,6,6,6 + phen-4t[4]"
"1346","p-14,6,6,6 + phen-cl[2],cl[4],cl[6]"
"1347","p-14,6,6,6 + phen-cl[2],cl[4]"
"1348","p-14,6,6,6 + phen-cl[2]"
"1349","p-14,6,6,6 + phen-cl[3]"
"1350","p-14,6,6,6 + phen-cl[4]"
"1351","p-14,6,6,6 + phen-no2[4]"
"1352","p-14,6,6,6 + phen-o1[3]"
"1353","p-14,6,6,6 + phen-o1[4]"
"1354","p-14,6,6,6 + phen"
"1355","p-14,6,6,6 + po2-8i,8i"
"1356","p-14,6,6,6 + po2-o8i,o8i"
"1357","p-14,6,6,6 + pyrazolide-cf3[3]"
"1358","p-14,6,6,6 + pyrazolide-no2[4]"
"1359","p-14,6,6,6 + sac"
"1360","p-14,6,6,6 + so3-1"
"1361","p-14,6,6,6 + tetrazolide"
"1362","p-14,6,6,6 + tpes"
"1363","p-14,6,6,6 + triazolide"
"1364","p-14,6,6,6 + triazolide123"
"1365","p-14,6,6,6 + val"
"1366","p-14,8,8,8 + behss"
"1367","p-14,8,8,8 + cl"
"1368","p-16,6,6,6 + acsul"
"1369","p-18,4,4,4 + pyrrolide-cn[2]"
"1370","p-18,4,4,4 + triazolide123"
"1371","p-1o1,1,1,1 + fsa"
"1372","p-1o1,1,1,1 + ntf2"
"1373","p-1o1,2,2,2 + dca"
"1374","p-1o1,2,2,2 + ntf2"
"1375","p-1o1,4,4,4 + triazolide123"
"1376","p-1o2,2,2,2 + triazolide123"
"1377","p-1o2o1,2,2,2 + imidazolide-1[2],no2[5]"
"1378","p-1o2o1,2,2,2 + pyrazolide-no2[4]"
"1379","p-1o2o1,2,2,2 + triazolide123"
"1380","p-1ph,2,2,2 + ntf2"
"1381","p-1pha[4],8,8,8 + bf4"
"1382","p-1pha[4],8,8,8 + no2"
"1383","p-1pha[4],8,8,8 + ntf2"
"1384","p-1pha[4],8,8,8 + pf6"
"1385","p-2,2,2,2 + pyrrolide-cn[2]"
"1386","p-2o1,2,2,2 + dca"
"1387","p-2o1,2,2,2 + ntf2"
"1388","p-2oh,4,4,4 + ntf2"
"1389","p-2oso3h,4,4,4 + ntf2"
"1390","p-2oso3h,8,8,8 + ntf2"
"1391","p-2v,2,2,2 + pyrazolide-no2[4]"
"1392","p-3,1,1,1 + fsa"
"1393","p-3chch2,2,2,2 + ntf2"
"1394","p-3nh2,4,4,4 + ala"
"1395","p-3nh2,4,4,4 + arg"
"1396","p-3nh2,4,4,4 + asn"
"1397","p-3nh2,4,4,4 + asp"
"1398","p-3nh2,4,4,4 + cys"
"1399","p-3nh2,4,4,4 + gln"
"1400","p-3nh2,4,4,4 + glu"
"1401","p-3nh2,4,4,4 + gly"
"1402","p-3nh2,4,4,4 + ile"
"1403","p-3nh2,4,4,4 + leu"
"1404","p-3nh2,4,4,4 + lys"
"1405","p-3nh2,4,4,4 + met"
"1406","p-3nh2,4,4,4 + phe"
"1407","p-3nh2,4,4,4 + pro"
"1408","p-3nh2,4,4,4 + ser"
"1409","p-3nh2,4,4,4 + thr"
"1410","p-3nh2,4,4,4 + tyr"
"1411","p-3nh2,4,4,4 + val"
"1412","p-3oh(oh[2]),8,8,8 + bf4"
"1413","p-3oh(oh[2]),8,8,8 + cl"
"1414","p-3oh(oh[2]),8,8,8 + no2"
"1415","p-3oh(oh[2]),8,8,8 + ntf2"
"1416","p-3oh(oh[2]),8,8,8 + pf6"
"1417","p-4,2,2,2 + dca"
"1418","p-4,2,2,2 + imidazolide-1[2],no2[5]"
"1419","p-4,2,2,2 + po2-o2,o2"
"1420","p-4,2,2,2 + pyrazolide-no2[4]"
"1421","p-4,2,2,2 + pyrrolide-cn[2]"
"1422","p-4,4,4,1 + cl"
"1423","p-4,4,4,1 + dca"
"1424","p-4,4,4,1 + ntf2"
"1425","p-4,4,4,1 + po2-8i,8i"
"1426","p-4,4,4,1 + po2-o1,o1"
"1427","p-4,4,4,1 + so4-1"
"1428","p-4,4,4,1 + so4-12"
"1429","p-4,4,4,2 + po2-o2,o2"
"1430","p-4,4,4,4 + 1ac"
"1431","p-4,4,4,4 + 2ac"
"1432","p-4,4,4,4 + ac"
"1433","p-4,4,4,4 + ala"
"1434","p-4,4,4,4 + bala"
"1435","p-4,4,4,4 + bes"
"1436","p-4,4,4,4 + capso"
"1437","p-4,4,4,4 + for"
"1438","p-4,4,4,4 + gly"
"1439","p-4,4,4,4 + lys"
"1440","p-4,4,4,4 + mopso"
"1441","p-4,4,4,4 + phen-f[2]"
"1442","p-4,4,4,4 + phen-f[3]"
"1443","p-4,4,4,4 + phen-f[4]"
"1444","p-4,4,4,4 + phen"
"1445","p-4,4,4,4 + po2-8i,8i"
"1446","p-4,4,4,4 + po2-o8i,o8i"
"1447","p-4,4,4,4 + pro"
"1448","p-4,4,4,4 + ps2-o2,o2"
"1449","p-4,4,4,4 + sac"
"1450","p-4,4,4,4 + ser"
"1451","p-4,4,4,4 + val"
"1452","p-4,4,4 + bf4"
"1453","p-4i,1,1,1 + fsa"
"1454","p-4i,4i,4i,1 + so3-ph1"
"1455","p-5,2,2,2 + al2br7"
"1456","p-5,2,2,2 + fsa"
"1457","p-5,2,2,2 + ntf2"
"1458","p-6,1,1,1 + ntf2"
"1459","p-6,1,1,1 + tsac"
"1460","p-6,2,2,2 + dca"
"1461","p-6,4,4,4 + cl"
"1462","p-6,4,4,4 + ntf2"
"1463","p-6,6,6,2 + acsul"
"1464","p-6,6,6,3 + acsul"
"1465","p-6,6,6,4 + acsul"
"1466","p-6,6,6,4i + bmb"
"1467","p-6,6,6,4i + bob"
"1468","p-6,6,6,4i + br"
"1469","p-6,6,6,4i + bscb"
"1470","p-6,6,6,6 + acsul"
"1471","p-7,2,2,2 + pyrazolide-no2[4]"
"1472","p-7,6,6,6 + acsul"
"1473","p-8,1,1,1 + po2-8i,8i"
"1474","p-8,2,2,2 + dca"
"1475","p-8,2,2,2 + imidazolide-1[2],no2[5]"
"1476","p-8,2,2,2 + imidazolide-no2[4]"
"1477","p-8,2,2,2 + ntf2"
"1478","p-8,2,2,2 + pyrazolide-no2[4]"
"1479","p-8,2,2,2 + pyrrolide-cn[2]"
"1480","p-8,4,4,4 + bf4"
"1481","p-8,4,4,4 + bmb"
"1482","p-8,4,4,4 + bscb"
"1483","p-8,4,4,4 + cl"
"1484","p-8,4,4,4 + dca"
"1485","p-8,4,4,4 + ntf2"
"1486","p-8,4,4,4 + otf"
"1487","p-8,4,4,4 + pf6"
"1488","p-8,4,4,4 + po2-o8i,o8i"
"1489","p-8,4,4,4 + scn"
"1490","p-8,4,4,4 + so3-ph1"
"1491","p-8,4,4,4 + tfa"
"1492","p-8,6,6,6 + acsul"
"1493","p-8,8,8,1 + ntf2"
"1494","p-8,8,8,3 + cl"
"1495","p-8,8,8,4 + cl"
"1496","p-8,8,8,5 + cl"
"1497","p-8,8,8,6 + cl"
"1498","p-8,8,8,7 + cl"
"1499","p-8,8,8,8 + br"
"1500","p-8,8,8,8 + cl"
"1501","p-8,8,8,8 + ntf2"
"1502","p-8,8,8,8 + po2-o8i,o8i"
"1503","p-8,8,8,8 + tb"
"1504","p-9,2,2,2 + pyrazolide-no2[4]"
"1505","p-9,8,8,8 + cl"
"1506","p-a,1,1,1 + ntf2"
"1507","p-a,1,1,1 + tfa"
"1508","p-a,4,4,4 + ntf2"
"1509","pip-1 + bf4"
"1510","pip-1 + tfa-2[f]"
"1511","pip-1 + tfa-4[f]"
"1512","pip-1 + tfa-6[f]"
"1513","pip-1 + tfa"
"1514","pip-1cn,1 + ntf2"
"1515","pip-1coo1,2 + ntf2"
"1516","pip-1o1,1 + ntf2"
"1517","pip-1o1,2 + ntf2"
"1518","pip-2,1 + po3h-2"
"1519","pip-2,1 + so4-2"
"1520","pip-2o1,1,1[3] + ntf2"
"1521","pip-2o1,1,1[3] + otf"
"1522","pip-2o1,1,1[3] + tfa"
"1523","pip-2o1,1 + bf3-1[f]"
"1524","pip-2o1,1 + bf3-2[f]"
"1525","pip-2o1,1 + bf3-3[f]"
"1526","pip-2o1,1 + bf3-4[f]"
"1527","pip-2o1,1 + bf4"
"1528","pip-2o1,1 + fap"
"1529","pip-2o1,1 + ntf2"
"1530","pip-2o1,1 + otf"
"1531","pip-2o1,1 + tfa"
"1532","pip-2o1,2 + ntf2"
"1533","pip-2o1,2o1 + ntf2"
"1534","pip-2o1,2o2 + ntf2"
"1535","pip-2oh,1 + ntf2"
"1536","pip-2oh,2 + ntf2"
"1537","pip-3(1[f]),1 + ntf2"
"1538","pip-3,1 + c1c2"
"1539","pip-3,1 + fsa"
"1540","pip-3,1 + npfso2f"
"1541","pip-3,1 + ntf2"
"1542","pip-3,1 + tfesi"
"1543","pip-3,1 + tsac"
"1544","pip-3cn,1 + ntf2"
"1545","pip-3cn,1 + scn"
"1546","pip-3oh,1 + ntf2"
"1547","pip-3oh,1 + scn"
"1548","pip-3oh,2 + ntf2"
"1549","pip-4,1,1[3] + ntf2"
"1550","pip-4,1 + bf3-1[f]"
"1551","pip-4,1 + dca"
"1552","pip-4,1 + ntf2"
"1553","pip-4,1 + otf"
"1554","pip-4,1 + po3h-4"
"1555","pip-4,1 + scn"
"1556","pip-4,1 + tcb"
"1557","pip-4,2 + ntf2"
"1558","pip-4i,1 + ntf2"
"1559","pip-5,1 + ntf2"
"1560","pip-5,2 + ntf2"
"1561","pip-6,1,1[3] + ntf2"
"1562","pip-6,1 + ntf2"
"1563","pip-6,1 + po3h-6"
"1564","pip-7,1 + ntf2"
"1565","pip-8,1 + ntf2"
"1566","pip-8,1 + po3h-8"
"1567","pip-[2o]21,1,1[3] + ntf2"
"1568","pip-[2o]21,1,1[3] + otf"
"1569","pip-[2o]21,1,1[3] + tfa"
"1570","pip-[2o]21,1 + ntf2"
"1571","pip-[2o]21,[2o]21 + ntf2"
"1572","pip-a,1 + ntf2"
"1573","pip-a,a + ntf2"
"1574","pip + ntf2"
"1575","pipz-2,2 + so4-1,3[f],chf2"
"1576","pipz-2 + 1ac"
"1577","pphin-4,1 + ntf2"
"1578","pphin-ph,4 + ntf2"
"1579","pphol-4,1 + ntf2"
"1580","pphol-ph,4 + ntf2"
"1581","py(D)-2D + fap"
"1582","py-1,1[3] + so4-1"
"1583","py-1,2[2] + so4-1"
"1584","py-10,py[4] + ntf2"
"1585","py-10 + fecl4"
"1586","py-10 + ntf2"
"1587","py-10cn + ntf2"
"1588","py-12 + ntf2"
"1589","py-16 + ntf2"
"1590","py-1[4] + hso4"
"1591","py-1 + so4-1"
"1592","py-1ch + ntf2"
"1593","py-1cn,1[2],1[5] + ntf2"
"1594","py-1cn,1[3] + ntf2"
"1595","py-1cn,1[4] + ntf2"
"1596","py-1coo2 + ntf2"
"1597","py-1o1,dma[4] + ntf2"
"1598","py-1o2,dma[4] + ntf2"
"1599","py-1o3,dma[4] + ntf2"
"1600","py-1o4,dma[4] + ntf2"
"1601","py-1o5,dma[4] + ntf2"
"1602","py-1o6,dma[4] + ntf2"
"1603","py-1o7,dma[4] + ntf2"
"1604","py-1o8,dma[4] + ntf2"
"1605","py-1o9,dma[4] + ntf2"
"1606","py-1ph,1[2] + ntf2"
"1607","py-1ph,1[3] + ntf2"
"1608","py-1ph,1[4] + ntf2"
"1609","py-1ph + ntf2"
"1610","py-2,1[2] + ntf2"
"1611","py-2,1[3] + ntf2"
"1612","py-2,1[3] + so3-4[f]"
"1613","py-2,1[3] + so4-2"
"1614","py-2,1[3] + tfa-3[f]"
"1615","py-2,1[4] + ntf2"
"1616","py-2,1[4] + so3-4[f]"
"1617","py-2,1[f][3] + ntf2"
"1618","py-2,1[f][4] + ntf2"
"1619","py-2,2[2] + ntf2"
"1620","py-2,2[2] + so4-2"
"1621","py-2,3[2] + ntf2"
"1622","py-2,4[2] + ntf2"
"1623","py-2,5[2] + ntf2"
"1624","py-2,6[2] + ntf2"
"1625","py-2,7[2] + ntf2"
"1626","py-2,8[2] + ntf2"
"1627","py-2,cn[2] + ntf2"
"1628","py-2,cn[2] + so4-2"
"1629","py-2,cn[3] + ntf2"
"1630","py-2,cn[3] + so4-2"
"1631","py-2,cn[4] + ntf2"
"1632","py-2,cn[4] + so4-2"
"1633","py-2,coo2[3] + so4-2"
"1634","py-2 + dca"
"1635","py-2 + fap"
"1636","py-2 + ntf2"
"1637","py-2 + otf"
"1638","py-2 + so4-1,3[f],chf2"
"1639","py-2 + so4-2"
"1640","py-2cn + ntf2"
"1641","py-2o1 + ntf2"
"1642","py-2oh + dca"
"1643","py-2oh + ntf2"
"1644","py-3,1[3] + ntf2"
"1645","py-3,1[3] + pf6"
"1646","py-3 + bf4"
"1647","py-3 + ntf2"
"1648","py-3cn,1[2],1[5] + ntf2"
"1649","py-3cn,1[2] + ntf2"
"1650","py-3cn,1[3] + ntf2"
"1651","py-3cn,1[4] + ntf2"
"1652","py-3cn,2[2] + ntf2"
"1653","py-3cn,2[4] + ntf2"
"1654","py-3cn,coo1[3] + ntf2"
"1655","py-3cn + dca"
"1656","py-3cn + ntf2"
"1657","py-3oh + ntf2"
"1658","py-4,1[2],1[3] + ntf2"
"1659","py-4,1[2] + bf4"
"1660","py-4,1[2] + ntf2"
"1661","py-4,1[3],1[5] + ntf2"
"1662","py-4,1[3] + bf4"
"1663","py-4,1[3] + ccn3"
"1664","py-4,1[3] + dca"
"1665","py-4,1[3] + fap"
"1666","py-4,1[3] + ntf2"
"1667","py-4,1[3] + otf"
"1668","py-4,1[3] + tcb"
"1669","py-4,1[3] + tdi"
"1670","py-4,1[4] + alcl4"
"1671","py-4,1[4] + bf4"
"1672","py-4,1[4] + ccn3"
"1673","py-4,1[4] + ntf2"
"1674","py-4,1[4] + scn"
"1675","py-4,cn[3] + ntf2"
"1676","py-4,cn[4] + ntf2"
"1677","py-4,coo4[3] + ntf2"
"1678","py-4,dma[4] + ntf2"
"1679","py-4 + al(ohfip)4"
"1680","py-4 + alcl4"
"1681","py-4 + bf4"
"1682","py-4 + dca"
"1683","py-4 + no3"
"1684","py-4 + ntf2"
"1685","py-4 + otf"
"1686","py-4 + scn"
"1687","py-4 + so4-1,3[f],chf2"
"1688","py-4i,1[3] + ntf2"
"1689","py-4so3h + hso4"
"1690","py-4so3h + otf"
"1691","py-5 + ntf2"
"1692","py-5cn,1[2] + ntf2"
"1693","py-5cn,1[3] + ntf2"
"1694","py-5cn,1[4] + ntf2"
"1695","py-5cn + ntf2"
"1696","py-6,1[3],1[5] + ntf2"
"1697","py-6,1[3],dma[4] + ntf2"
"1698","py-6,1[3] + ntf2"
"1699","py-6,1[4] + alcl4"
"1700","py-6,1[4] + ntf2"
"1701","py-6,2[2],1[3],1[5] + ntf2"
"1702","py-6,3[2],2[3],2[5] + ntf2"
"1703","py-6,cn[3] + ntf2"
"1704","py-6,cn[4] + ntf2"
"1705","py-6,dma[4] + ntf2"
"1706","py-6 + alcl4"
"1707","py-6 + bf4"
"1708","py-6 + ntf2"
"1709","py-6 + scn"
"1710","py-7 + ntf2"
"1711","py-8,1[2],1[3] + ntf2"
"1712","py-8,1[2] + ntf2"
"1713","py-8,1[3],1[5] + ntf2"
"1714","py-8,1[3] + alcl4"
"1715","py-8,1[3] + bf4"
"1716","py-8,1[3] + ntf2"
"1717","py-8,1[4] + alcl4"
"1718","py-8,1[4] + bf4"
"1719","py-8,1[4] + ntf2"
"1720","py-8,1[4] + otf"
"1721","py-8,cn[3] + ntf2"
"1722","py-8,cn[4] + ntf2"
"1723","py-8 + alcl4"
"1724","py-8 + bf4"
"1725","py-8 + ntf2"
"1726","py-8 + scn"
"1727","py-[2o]21 + cl"
"1728","py-[2o]21 + ntf2"
"1729","py-[2o]31 + cl"
"1730","py-[2o]31 + ntf2"
"1731","py-[2o]41 + cl"
"1732","py-moxm,1[2] + ntf2"
"1733","py-moxm,4t[3] + ntf2"
"1734","py-moxm + ntf2"
"1735","py + 1ac"
"1736","py + ac"
"1737","py + for"
"1738","pyr-1(o)pyr + ntf2"
"1739","pyr-1,1 + im41"
"1740","pyr-1,1 + tsac"
"1741","pyr-10,1 + ntf2"
"1742","pyr-1 + bf4"
"1743","pyr-1 + for"
"1744","pyr-1 + hso4"
"1745","pyr-1ch,1 + ntf2"
"1746","pyr-1dmsodmsph,1 + ntf2"
"1747","pyr-1o1,1 + bf3-1[f]"
"1748","pyr-1o1,1 + bf3-2[f]"
"1749","pyr-1o1,1 + bf4"
"1750","pyr-1o1,1 + fsa"
"1751","pyr-1o1,1 + ntf2"
"1752","pyr-1ph,1 + ntf2"
"1753","pyr-2,1 + dca"
"1754","pyr-2,1 + po3h-2"
"1755","pyr-2,1 + so4-2"
"1756","pyr-2o1,1 + bf3-1[f]"
"1757","pyr-2o1,1 + bf3-2[f]"
"1758","pyr-2o1,1 + bf3-3[f]"
"1759","pyr-2o1,1 + bf3-4[f]"
"1760","pyr-2o1,1 + bf4"
"1761","pyr-2o1,1 + fap"
"1762","pyr-2o1,1 + fsa"
"1763","pyr-2o1,1 + im41"
"1764","pyr-2o1,1 + npf2"
"1765","pyr-2o1,1 + ntf2"
"1766","pyr-2o1,1 + ntfso2f"
"1767","pyr-2o1,2o1 + ntf2"
"1768","pyr-2o1,2o2 + ntf2"
"1769","pyr-2o2,1 + br"
"1770","pyr-2o2,1 + dca"
"1771","pyr-2o2,1 + ntf2"
"1772","pyr-2oh,1 + dca"
"1773","pyr-2oh,1 + ntf2"
"1774","pyr-2ono2,1 + dca"
"1775","pyr-3(1[f]),1 + ntf2"
"1776","pyr-3,1 + bf3-2[f]o1[f]"
"1777","pyr-3,1 + dca"
"1778","pyr-3,1 + fsa"
"1779","pyr-3,1 + im41"
"1780","pyr-3,1 + npf2"
"1781","pyr-3,1 + npfso2f"
"1782","pyr-3,1 + ntf2"
"1783","pyr-3,1 + ntfso2f"
"1784","pyr-3,1 + tfesi"
"1785","pyr-3[oh]2,1 + ntf2"
"1786","pyr-3cn,1 + scn"
"1787","pyr-3oh,1 + ntf2"
"1788","pyr-3oh,1 + scn"
"1789","pyr-4,1 + ac"
"1790","pyr-4,1 + al(ohfip)4"
"1791","pyr-4,1 + bf3-1[f]"
"1792","pyr-4,1 + bf3-2[f]"
"1793","pyr-4,1 + ccn3"
"1794","pyr-4,1 + dca"
"1795","pyr-4,1 + fap"
"1796","pyr-4,1 + fpi"
"1797","pyr-4,1 + fsa"
"1798","pyr-4,1 + im41"
"1799","pyr-4,1 + nms2"
"1800","pyr-4,1 + npf2"
"1801","pyr-4,1 + ntf2"
"1802","pyr-4,1 + ntfso2f"
"1803","pyr-4,1 + otf"
"1804","pyr-4,1 + po3h-4"
"1805","pyr-4,1 + scn"
"1806","pyr-4,1 + so4-2"
"1807","pyr-4,1 + so4-4"
"1808","pyr-4,1 + tcb"
"1809","pyr-4,2 + so4-2"
"1810","pyr-4 + ntf2"
"1811","pyr-4i,1 + ntf2"
"1812","pyr-5,1 + ntf2"
"1813","pyr-6,1 + dca"
"1814","pyr-6,1 + ntf2"
"1815","pyr-6,1 + po3h-6"
"1816","pyr-6nh2,1 + fap"
"1817","pyr-7,1 + ntf2"
"1818","pyr-8,1 + ntf2"
"1819","pyr-8,1 + po3h-8"
"1820","pyr-[2o]21,1 + ntf2"
"1821","pyr-[2o]21,[2o]21 + ntf2"
"1822","pyr-a,1 + dca"
"1823","pyr-a,1 + no3"
"1824","pyr-a,1 + ntf2"
"1825","pyr-a,1 + scn"
"1826","pyr-a,a + ntf2"
"1827","pyr-coo1[2] + no3"
"1828","pyr + 4ac"
"1829","pyr + 6ac"
"1830","pyr + 7ac"
"1831","pyr + ac"
"1832","pyr + for"
"1833","pyr + hso4"
"1834","pyr + no3"
"1835","pyr + ntf2"
"1836","pyr + po2-o4,o4"
"1837","pyr + sac"
"1838","pyr + tfa-2[f]"
"1839","pyr + tfa"
"1840","pyrl-1,o2 + ntf2"
"1841","pyrl-1,o2 + otf"
"1842","pyrl-2,o1 + ntf2"
"1843","pyrl-2,o1 + otf"
"1844","pyrl-2,o2 + ntf2"
"1845","pyrl-2,o2 + otf"
"1846","pyrl-3 + ntf2"
"1847","pyrl-4 + ntf2"
"1848","pyrro-1,1 + br"
"1849","pyrro-10,1 + br"
"1850","pyrro-12,1 + br"
"1851","pyrro-14,1 + br"
"1852","pyrro-16,1 + br"
"1853","pyrro-18,1 + br"
"1854","pyrro-1 + 1ac"
"1855","pyrro-1 + 2ac"
"1856","pyrro-1 + 3ac"
"1857","pyrro-1 + 4ac"
"1858","pyrro-1 + ac"
"1859","pyrro-1 + bf4"
"1860","pyrro-1 + for"
"1861","pyrro-1epoxy,1 + ac"
"1862","pyrro-1epoxy,1 + cl"
"1863","pyrro + 4ac"
"1864","pyrro + ac"
"1865","pyrro + bf4"
"1866","pyrro + for"
"1867","pyrro + tfa-2[f]"
"1868","pyrro + tfa"
"1869","pz-2,1 + dca"
"1870","pz-2o1,1,1[3],1[5] + ntf2"
"1871","pz-2o1,1 + dca"
"1872","pz-2o1,2,1[3],1[5] + ntf2"
"1873","pz-2o1,2 + dca"
"1874","pz-2o2,1 + dca"
"1875","pz-2o2,2 + dca"
"1876","pz-3,1,1[3],1[5] + ntf2"
"1877","pz-4,1,1[3],1[5] + dca"
"1878","pz-4,1,1[3],1[5] + ntf2"
"1879","pz-4,1 + dca"
"1880","pz-4,1 + ntf2"
"1881","pz-ph,1,1[3],1[5] + so3-1"
"1882","pz-ph,4,1[3],1[5] + so3-1"
"1883","pz-ph,5,1[3],1[5] + bf4"
"1884","pz-ph,5,1[3],1[5] + so3-1"
"1885","pz-ph,6,1[3],1[5] + bf4"
"1886","pz-ph,6,1[3],1[5] + so3-1"
"1887","pz-ph,7,1[3],1[5] + so3-1"
"1888","qu-1,1 + ntf2"
"1889","qu-2,2 + ntf2"
"1890","quin-6 + ntf2"
"1891","quini-18 + tfpb"
"1892","quini-4 + ntf2"
"1893","quini-6 + scn"
"1894","quini-8 + fsa"
"1895","quini-8 + ntf2"
"1896","quini-8 + scn"
"1897","s-1,1,1 + dca"
"1898","s-1,1,1 + ntf2"
"1899","s-1cch,1,1 + ntf2"
"1900","s-1coo2,1,1 + ntf2"
"1901","s-2,1,1 + dca"
"1902","s-2,1,1 + ntf2"
"1903","s-2,2,1 + dca"
"1904","s-2,2,1 + ntf2"
"1905","s-2,2,2 + c1c2"
"1906","s-2,2,2 + dca"
"1907","s-2,2,2 + ntf2"
"1908","s-2,2,2 + tsac"
"1909","s-3,1,1 + ntf2"
"1910","s-3,2,1 + ntf2"
"1911","s-3,2,2 + ntf2"
"1912","s-3,3,1 + dca"
"1913","s-3,3,2 + dca"
"1914","s-4,1,1 + ntf2"
"1915","s-4,2,1 + ntf2"
"1916","s-4,2,2 + ntf2"
"1917","s-4,4,1 + dca"
"1918","s-4,4,2 + dca"
"1919","s-4,4,4 + ntf2"
"1920","s-5,1,1 + ntf2"
"1921","s-5,2,1 + ntf2"
"1922","s-5,2,2 + ntf2"
"1923","tetraz-1,s2[5] + po2-o2,o2"
"1924","tht-1 + dca"
"1925","tht-2 + dca"
"1926","tht-2 + no3"
"1927","tht-3 + ntf2"
"1928","tht-4 + dca"
"1929","tht-4 + ntf2"
"1930","tht-5 + ntf2"
"1931","thtp-3 + ntf2"
"1932","thtp-4 + ntf2"
"1933","thtp-5 + ntf2"
"1934","thz-1coo2,1[4] + ntf2"
"1935","thz-1ph,1[4] + ntf2"
"1936","thz-1ph,2oh[5],1[4] + ntf2"
"1937","thz-2,2oh[5],1[4] + ntf2"
"1938","thz-2oh,1[4] + ntf2"
"1939","thz-4,1[4] + ntf2"
"1940","trz123-10,1 + ntf2"
"1941","trz123-12,1 + ntf2"
"1942","trz123-4,1 + ntf2"
"1943","trz123-6,1 + ntf2"
"1944","trz123-8,1 + ntf2"
"1945","trz124-10,1 + ntf2"
"1946","trz124-12,1 + ntf2"
"1947","trz124-2,1 + ntf2"
"1948","trz124-3,1 + bf4"
"1949","trz124-3,1 + i"
"1950","trz124-3,1 + no3"
"1951","trz124-3,1 + ntf2"
"1952","trz124-3,1 + otf"
"1953","trz124-3,1 + so3-1"
"1954","trz124-3,1 + so3-ph1"
"1955","trz124-4,1 + ntf2"
"1956","trz124-4so3h,5 + otf"
"1957","trz124-4so3h,5 + tfa"
"1958","trz124-6,1 + ntf2"
"1959","trz124-8,1 + ntf2"
"1960","turea-2,(1,0),(1,0) + so4-2"
"1961","turea-2,(2,0),(2,0) + ntf2"
"1962","turea-2,(2,0),(2,0) + so4-2"
"1963","turea-2 + so4-2"
"1964","turea-4,(1,0),(1,0) + ntf2"
"1965","turea-4,(1,1),(1,1) + ntf2"
"1966","turea-4,(2,0),(2,0) + ntf2"
"1967","turea-4 + ntf2"
"1968","turea-6,(1,0),(1,0) + ntf2"
"1969","turea-6,(1,1),(1,1) + ntf2"
"1970","turea-6 + ntf2"
"1971","turea-8,(1,0),(1,0) + ntf2"
"1972","turea-8,(1,1),(1,1) + ntf2"
"1973","turea-8,(2,0),(2,0) + ntf2"
"1974","turea-8 + ntf2"
